name,agenew,count(borrower)
#NAME?,,2341
#NAME?,0,36
#NAME?,1,45
#NAME?,10,66
#NAME?,100,1
#NAME?,102,1
#NAME?,103,2
#NAME?,106,2
#NAME?,11,68
#NAME?,112,1
#NAME?,113,1
#NAME?,114,2
#NAME?,115,2
#NAME?,116,2
#NAME?,12,73
#NAME?,13,59
#NAME?,14,62
#NAME?,15,60
#NAME?,16,56
#NAME?,17,60
#NAME?,18,51
#NAME?,19,16
#NAME?,2,37
#NAME?,20,16
#NAME?,21,8
#NAME?,22,13
#NAME?,23,5
#NAME?,24,21
#NAME?,25,13
#NAME?,26,49
#NAME?,27,10
#NAME?,28,70
#NAME?,29,18
#NAME?,3,62
#NAME?,30,19
#NAME?,31,17
#NAME?,32,18
#NAME?,33,21
#NAME?,34,26
#NAME?,35,31
#NAME?,36,38
#NAME?,37,37
#NAME?,38,44
#NAME?,39,21
#NAME?,4,63
#NAME?,40,34
#NAME?,41,36
#NAME?,42,37
#NAME?,43,28
#NAME?,44,29
#NAME?,45,30
#NAME?,46,46
#NAME?,47,30
#NAME?,48,25
#NAME?,49,31
#NAME?,5,69
#NAME?,50,24
#NAME?,51,44
#NAME?,52,34
#NAME?,53,30
#NAME?,54,19
#NAME?,55,34
#NAME?,56,63
#NAME?,57,44
#NAME?,58,38
#NAME?,59,35
#NAME?,6,70
#NAME?,60,55
#NAME?,61,48
#NAME?,62,66
#NAME?,63,80
#NAME?,64,61
#NAME?,65,85
#NAME?,66,102
#NAME?,67,126
#NAME?,68,128
#NAME?,69,147
#NAME?,7,82
#NAME?,70,124
#NAME?,71,119
#NAME?,72,117
#NAME?,73,116
#NAME?,74,104
#NAME?,75,85
#NAME?,76,134
#NAME?,77,90
#NAME?,78,92
#NAME?,79,81
#NAME?,8,66
#NAME?,80,82
#NAME?,81,87
#NAME?,82,69
#NAME?,83,65
#NAME?,84,93
#NAME?,85,52
#NAME?,86,73
#NAME?,87,65
#NAME?,88,56
#NAME?,89,41
#NAME?,9,72
#NAME?,90,44
#NAME?,91,30
#NAME?,92,22
#NAME?,93,13
#NAME?,94,16
#NAME?,95,12
#NAME?,96,9
#NAME?,97,10
#NAME?,98,1
APPLEDORE,,70
APPLEDORE,0,2
APPLEDORE,1,2
APPLEDORE,10,23
APPLEDORE,11,12
APPLEDORE,12,6
APPLEDORE,13,10
APPLEDORE,14,12
APPLEDORE,15,10
APPLEDORE,16,14
APPLEDORE,17,14
APPLEDORE,18,4
APPLEDORE,19,5
APPLEDORE,2,6
APPLEDORE,20,2
APPLEDORE,21,7
APPLEDORE,23,3
APPLEDORE,24,5
APPLEDORE,25,4
APPLEDORE,26,3
APPLEDORE,27,4
APPLEDORE,28,12
APPLEDORE,29,7
APPLEDORE,3,5
APPLEDORE,30,2
APPLEDORE,31,3
APPLEDORE,32,2
APPLEDORE,33,5
APPLEDORE,34,5
APPLEDORE,35,10
APPLEDORE,36,5
APPLEDORE,37,3
APPLEDORE,38,13
APPLEDORE,39,10
APPLEDORE,4,10
APPLEDORE,40,4
APPLEDORE,41,2
APPLEDORE,42,13
APPLEDORE,43,4
APPLEDORE,44,3
APPLEDORE,45,10
APPLEDORE,46,8
APPLEDORE,47,10
APPLEDORE,48,8
APPLEDORE,49,12
APPLEDORE,5,9
APPLEDORE,50,9
APPLEDORE,51,11
APPLEDORE,52,7
APPLEDORE,53,15
APPLEDORE,54,13
APPLEDORE,55,8
APPLEDORE,56,11
APPLEDORE,57,9
APPLEDORE,58,7
APPLEDORE,59,9
APPLEDORE,6,13
APPLEDORE,60,13
APPLEDORE,61,8
APPLEDORE,62,20
APPLEDORE,63,18
APPLEDORE,64,14
APPLEDORE,65,22
APPLEDORE,66,20
APPLEDORE,67,22
APPLEDORE,68,21
APPLEDORE,69,19
APPLEDORE,7,13
APPLEDORE,70,20
APPLEDORE,71,21
APPLEDORE,72,17
APPLEDORE,73,11
APPLEDORE,74,12
APPLEDORE,75,7
APPLEDORE,76,10
APPLEDORE,77,10
APPLEDORE,78,3
APPLEDORE,79,10
APPLEDORE,8,14
APPLEDORE,80,5
APPLEDORE,81,6
APPLEDORE,82,5
APPLEDORE,83,2
APPLEDORE,84,7
APPLEDORE,85,1
APPLEDORE,86,2
APPLEDORE,88,4
APPLEDORE,89,1
APPLEDORE,9,9
APPLEDORE,91,1
ASHBURTON,,118
ASHBURTON,0,2
ASHBURTON,1,7
ASHBURTON,10,42
ASHBURTON,11,34
ASHBURTON,12,43
ASHBURTON,13,30
ASHBURTON,14,26
ASHBURTON,15,17
ASHBURTON,16,18
ASHBURTON,17,13
ASHBURTON,18,16
ASHBURTON,19,13
ASHBURTON,2,12
ASHBURTON,20,10
ASHBURTON,21,8
ASHBURTON,22,8
ASHBURTON,23,14
ASHBURTON,24,9
ASHBURTON,25,14
ASHBURTON,26,11
ASHBURTON,27,11
ASHBURTON,28,13
ASHBURTON,29,8
ASHBURTON,3,21
ASHBURTON,30,21
ASHBURTON,31,12
ASHBURTON,32,9
ASHBURTON,33,19
ASHBURTON,34,14
ASHBURTON,35,14
ASHBURTON,36,19
ASHBURTON,37,24
ASHBURTON,38,22
ASHBURTON,39,16
ASHBURTON,4,30
ASHBURTON,40,17
ASHBURTON,41,22
ASHBURTON,42,25
ASHBURTON,43,16
ASHBURTON,44,26
ASHBURTON,45,21
ASHBURTON,46,27
ASHBURTON,47,25
ASHBURTON,48,15
ASHBURTON,49,18
ASHBURTON,5,33
ASHBURTON,50,23
ASHBURTON,51,26
ASHBURTON,52,18
ASHBURTON,53,18
ASHBURTON,54,19
ASHBURTON,55,13
ASHBURTON,56,17
ASHBURTON,57,15
ASHBURTON,58,22
ASHBURTON,59,16
ASHBURTON,6,33
ASHBURTON,60,27
ASHBURTON,61,15
ASHBURTON,62,17
ASHBURTON,63,22
ASHBURTON,64,26
ASHBURTON,65,22
ASHBURTON,66,18
ASHBURTON,67,24
ASHBURTON,68,20
ASHBURTON,69,29
ASHBURTON,7,45
ASHBURTON,70,17
ASHBURTON,71,16
ASHBURTON,72,14
ASHBURTON,73,21
ASHBURTON,74,16
ASHBURTON,75,11
ASHBURTON,76,13
ASHBURTON,77,11
ASHBURTON,78,10
ASHBURTON,79,5
ASHBURTON,8,29
ASHBURTON,80,7
ASHBURTON,81,5
ASHBURTON,82,3
ASHBURTON,83,4
ASHBURTON,84,4
ASHBURTON,85,3
ASHBURTON,86,2
ASHBURTON,88,1
ASHBURTON,89,3
ASHBURTON,9,37
ASHBURTON,90,3
ASHBURTON,92,3
ASHBURTON,93,1
ASHBURTON,94,1
ASHBURTON,95,2
ASHBURTON,99,2
AXMINSTER,,509
AXMINSTER,0,3
AXMINSTER,1,16
AXMINSTER,10,82
AXMINSTER,103,1
AXMINSTER,11,82
AXMINSTER,114,1
AXMINSTER,115,2
AXMINSTER,116,3
AXMINSTER,12,88
AXMINSTER,13,81
AXMINSTER,14,76
AXMINSTER,15,66
AXMINSTER,16,43
AXMINSTER,17,39
AXMINSTER,18,36
AXMINSTER,19,36
AXMINSTER,2,34
AXMINSTER,20,32
AXMINSTER,21,29
AXMINSTER,22,20
AXMINSTER,23,29
AXMINSTER,24,38
AXMINSTER,25,36
AXMINSTER,26,31
AXMINSTER,27,27
AXMINSTER,28,88
AXMINSTER,29,38
AXMINSTER,3,46
AXMINSTER,30,29
AXMINSTER,31,34
AXMINSTER,32,36
AXMINSTER,33,32
AXMINSTER,34,31
AXMINSTER,35,48
AXMINSTER,36,36
AXMINSTER,37,42
AXMINSTER,38,37
AXMINSTER,39,28
AXMINSTER,4,62
AXMINSTER,40,41
AXMINSTER,41,31
AXMINSTER,42,54
AXMINSTER,43,36
AXMINSTER,44,37
AXMINSTER,45,51
AXMINSTER,46,58
AXMINSTER,47,47
AXMINSTER,48,34
AXMINSTER,49,42
AXMINSTER,5,64
AXMINSTER,50,38
AXMINSTER,51,49
AXMINSTER,52,53
AXMINSTER,53,40
AXMINSTER,54,43
AXMINSTER,55,24
AXMINSTER,56,33
AXMINSTER,57,32
AXMINSTER,58,18
AXMINSTER,59,34
AXMINSTER,6,79
AXMINSTER,60,43
AXMINSTER,61,46
AXMINSTER,62,42
AXMINSTER,63,46
AXMINSTER,64,38
AXMINSTER,65,50
AXMINSTER,66,52
AXMINSTER,67,54
AXMINSTER,68,44
AXMINSTER,69,70
AXMINSTER,7,71
AXMINSTER,70,55
AXMINSTER,71,47
AXMINSTER,72,38
AXMINSTER,73,45
AXMINSTER,74,43
AXMINSTER,75,39
AXMINSTER,76,33
AXMINSTER,77,34
AXMINSTER,78,30
AXMINSTER,79,25
AXMINSTER,8,93
AXMINSTER,80,25
AXMINSTER,81,14
AXMINSTER,82,11
AXMINSTER,83,10
AXMINSTER,84,9
AXMINSTER,85,13
AXMINSTER,86,11
AXMINSTER,87,10
AXMINSTER,88,3
AXMINSTER,89,7
AXMINSTER,9,91
AXMINSTER,90,5
AXMINSTER,91,4
AXMINSTER,92,3
AXMINSTER,93,4
AXMINSTER,95,1
AXMINSTER,96,2
AXMINSTER,97,1
AXMINSTER,99,1
BAMPTON,,60
BAMPTON,10,12
BAMPTON,11,8
BAMPTON,12,6
BAMPTON,13,13
BAMPTON,14,5
BAMPTON,15,10
BAMPTON,16,4
BAMPTON,17,6
BAMPTON,18,4
BAMPTON,19,3
BAMPTON,20,2
BAMPTON,22,1
BAMPTON,23,2
BAMPTON,24,1
BAMPTON,25,4
BAMPTON,26,2
BAMPTON,27,2
BAMPTON,28,4
BAMPTON,29,2
BAMPTON,3,2
BAMPTON,31,1
BAMPTON,32,2
BAMPTON,33,5
BAMPTON,34,3
BAMPTON,35,1
BAMPTON,36,3
BAMPTON,37,5
BAMPTON,38,3
BAMPTON,39,2
BAMPTON,4,3
BAMPTON,40,2
BAMPTON,41,5
BAMPTON,42,1
BAMPTON,43,2
BAMPTON,44,2
BAMPTON,45,2
BAMPTON,46,2
BAMPTON,47,3
BAMPTON,48,4
BAMPTON,49,4
BAMPTON,5,9
BAMPTON,50,3
BAMPTON,51,4
BAMPTON,52,2
BAMPTON,53,6
BAMPTON,54,4
BAMPTON,55,2
BAMPTON,56,4
BAMPTON,57,1
BAMPTON,58,3
BAMPTON,59,4
BAMPTON,6,12
BAMPTON,60,8
BAMPTON,61,3
BAMPTON,62,6
BAMPTON,63,7
BAMPTON,64,5
BAMPTON,65,3
BAMPTON,66,5
BAMPTON,67,11
BAMPTON,68,9
BAMPTON,69,4
BAMPTON,7,10
BAMPTON,70,8
BAMPTON,71,4
BAMPTON,72,12
BAMPTON,73,8
BAMPTON,74,9
BAMPTON,75,5
BAMPTON,76,5
BAMPTON,77,4
BAMPTON,78,5
BAMPTON,79,8
BAMPTON,8,15
BAMPTON,80,1
BAMPTON,81,2
BAMPTON,82,5
BAMPTON,83,2
BAMPTON,84,3
BAMPTON,85,2
BAMPTON,86,3
BAMPTON,87,1
BAMPTON,9,12
BAMPTON,90,3
BAMPTON,91,2
BAMPTON,98,1
BARNSTAPLE,,1942
BARNSTAPLE,0,34
BARNSTAPLE,1,90
BARNSTAPLE,10,430
BARNSTAPLE,102,3
BARNSTAPLE,11,410
BARNSTAPLE,112,1
BARNSTAPLE,113,2
BARNSTAPLE,114,2
BARNSTAPLE,115,3
BARNSTAPLE,116,8
BARNSTAPLE,12,418
BARNSTAPLE,13,346
BARNSTAPLE,14,320
BARNSTAPLE,15,286
BARNSTAPLE,16,274
BARNSTAPLE,17,251
BARNSTAPLE,18,337
BARNSTAPLE,19,280
BARNSTAPLE,2,165
BARNSTAPLE,20,342
BARNSTAPLE,21,293
BARNSTAPLE,22,377
BARNSTAPLE,23,340
BARNSTAPLE,24,315
BARNSTAPLE,25,367
BARNSTAPLE,26,381
BARNSTAPLE,27,375
BARNSTAPLE,28,411
BARNSTAPLE,29,369
BARNSTAPLE,3,234
BARNSTAPLE,30,400
BARNSTAPLE,31,379
BARNSTAPLE,32,345
BARNSTAPLE,33,361
BARNSTAPLE,34,353
BARNSTAPLE,35,319
BARNSTAPLE,36,311
BARNSTAPLE,37,329
BARNSTAPLE,38,315
BARNSTAPLE,39,317
BARNSTAPLE,4,326
BARNSTAPLE,40,311
BARNSTAPLE,41,297
BARNSTAPLE,42,297
BARNSTAPLE,43,280
BARNSTAPLE,44,318
BARNSTAPLE,45,316
BARNSTAPLE,46,289
BARNSTAPLE,47,310
BARNSTAPLE,48,272
BARNSTAPLE,49,268
BARNSTAPLE,5,361
BARNSTAPLE,50,235
BARNSTAPLE,51,265
BARNSTAPLE,52,256
BARNSTAPLE,53,241
BARNSTAPLE,54,228
BARNSTAPLE,55,206
BARNSTAPLE,56,236
BARNSTAPLE,57,212
BARNSTAPLE,58,213
BARNSTAPLE,59,177
BARNSTAPLE,6,406
BARNSTAPLE,60,217
BARNSTAPLE,61,197
BARNSTAPLE,62,217
BARNSTAPLE,63,204
BARNSTAPLE,64,214
BARNSTAPLE,65,230
BARNSTAPLE,66,191
BARNSTAPLE,67,262
BARNSTAPLE,68,234
BARNSTAPLE,69,271
BARNSTAPLE,7,421
BARNSTAPLE,70,249
BARNSTAPLE,71,190
BARNSTAPLE,72,191
BARNSTAPLE,73,192
BARNSTAPLE,74,188
BARNSTAPLE,75,127
BARNSTAPLE,76,112
BARNSTAPLE,77,121
BARNSTAPLE,78,103
BARNSTAPLE,79,114
BARNSTAPLE,8,392
BARNSTAPLE,80,97
BARNSTAPLE,81,84
BARNSTAPLE,82,78
BARNSTAPLE,83,58
BARNSTAPLE,84,59
BARNSTAPLE,85,52
BARNSTAPLE,86,49
BARNSTAPLE,87,36
BARNSTAPLE,88,29
BARNSTAPLE,89,23
BARNSTAPLE,9,416
BARNSTAPLE,90,26
BARNSTAPLE,91,23
BARNSTAPLE,92,9
BARNSTAPLE,93,7
BARNSTAPLE,94,9
BARNSTAPLE,95,10
BARNSTAPLE,96,11
BARNSTAPLE,97,3
BARNSTAPLE,98,1
BARNSTAPLE,99,1
BIDEFORD,,661
BIDEFORD,0,3
BIDEFORD,1,51
BIDEFORD,10,164
BIDEFORD,100,2
BIDEFORD,11,198
BIDEFORD,113,1
BIDEFORD,116,5
BIDEFORD,12,161
BIDEFORD,13,153
BIDEFORD,14,138
BIDEFORD,15,101
BIDEFORD,16,92
BIDEFORD,17,106
BIDEFORD,18,93
BIDEFORD,19,106
BIDEFORD,2,66
BIDEFORD,20,113
BIDEFORD,21,99
BIDEFORD,22,117
BIDEFORD,23,85
BIDEFORD,24,108
BIDEFORD,25,114
BIDEFORD,26,118
BIDEFORD,27,110
BIDEFORD,28,181
BIDEFORD,29,130
BIDEFORD,3,106
BIDEFORD,30,99
BIDEFORD,31,104
BIDEFORD,32,105
BIDEFORD,33,81
BIDEFORD,34,75
BIDEFORD,35,97
BIDEFORD,36,113
BIDEFORD,37,124
BIDEFORD,38,96
BIDEFORD,39,102
BIDEFORD,4,156
BIDEFORD,40,116
BIDEFORD,41,104
BIDEFORD,42,104
BIDEFORD,43,87
BIDEFORD,44,92
BIDEFORD,45,100
BIDEFORD,46,86
BIDEFORD,47,87
BIDEFORD,48,92
BIDEFORD,49,79
BIDEFORD,5,144
BIDEFORD,50,88
BIDEFORD,51,71
BIDEFORD,52,93
BIDEFORD,53,96
BIDEFORD,54,71
BIDEFORD,55,76
BIDEFORD,56,87
BIDEFORD,57,66
BIDEFORD,58,83
BIDEFORD,59,75
BIDEFORD,6,173
BIDEFORD,60,88
BIDEFORD,61,83
BIDEFORD,62,70
BIDEFORD,63,89
BIDEFORD,64,70
BIDEFORD,65,93
BIDEFORD,66,129
BIDEFORD,67,91
BIDEFORD,68,90
BIDEFORD,69,117
BIDEFORD,7,178
BIDEFORD,70,96
BIDEFORD,71,65
BIDEFORD,72,60
BIDEFORD,73,53
BIDEFORD,74,52
BIDEFORD,75,45
BIDEFORD,76,33
BIDEFORD,77,40
BIDEFORD,78,41
BIDEFORD,79,30
BIDEFORD,8,191
BIDEFORD,80,26
BIDEFORD,81,36
BIDEFORD,82,18
BIDEFORD,83,21
BIDEFORD,84,20
BIDEFORD,85,21
BIDEFORD,86,12
BIDEFORD,87,14
BIDEFORD,88,2
BIDEFORD,89,10
BIDEFORD,9,169
BIDEFORD,90,9
BIDEFORD,91,6
BIDEFORD,92,4
BIDEFORD,93,3
BIDEFORD,94,4
BIDEFORD,95,4
BIDEFORD,96,3
BIDEFORD,97,2
BIDEFORD,99,1
BOVEY TRACEY,,372
BOVEY TRACEY,0,4
BOVEY TRACEY,1,14
BOVEY TRACEY,10,65
BOVEY TRACEY,11,69
BOVEY TRACEY,12,71
BOVEY TRACEY,13,51
BOVEY TRACEY,14,33
BOVEY TRACEY,15,35
BOVEY TRACEY,16,24
BOVEY TRACEY,17,36
BOVEY TRACEY,18,20
BOVEY TRACEY,19,17
BOVEY TRACEY,2,7
BOVEY TRACEY,20,19
BOVEY TRACEY,21,18
BOVEY TRACEY,22,23
BOVEY TRACEY,23,16
BOVEY TRACEY,24,12
BOVEY TRACEY,25,13
BOVEY TRACEY,26,13
BOVEY TRACEY,27,14
BOVEY TRACEY,28,21
BOVEY TRACEY,29,11
BOVEY TRACEY,3,31
BOVEY TRACEY,30,13
BOVEY TRACEY,31,21
BOVEY TRACEY,32,25
BOVEY TRACEY,33,14
BOVEY TRACEY,34,9
BOVEY TRACEY,35,25
BOVEY TRACEY,36,23
BOVEY TRACEY,37,25
BOVEY TRACEY,38,25
BOVEY TRACEY,39,31
BOVEY TRACEY,4,43
BOVEY TRACEY,40,19
BOVEY TRACEY,41,30
BOVEY TRACEY,42,27
BOVEY TRACEY,43,34
BOVEY TRACEY,44,32
BOVEY TRACEY,45,20
BOVEY TRACEY,46,35
BOVEY TRACEY,47,24
BOVEY TRACEY,48,21
BOVEY TRACEY,49,21
BOVEY TRACEY,5,35
BOVEY TRACEY,50,24
BOVEY TRACEY,51,26
BOVEY TRACEY,52,22
BOVEY TRACEY,53,18
BOVEY TRACEY,54,21
BOVEY TRACEY,55,16
BOVEY TRACEY,56,18
BOVEY TRACEY,57,18
BOVEY TRACEY,58,15
BOVEY TRACEY,59,18
BOVEY TRACEY,6,45
BOVEY TRACEY,60,20
BOVEY TRACEY,61,22
BOVEY TRACEY,62,15
BOVEY TRACEY,63,27
BOVEY TRACEY,64,31
BOVEY TRACEY,65,24
BOVEY TRACEY,66,28
BOVEY TRACEY,67,32
BOVEY TRACEY,68,35
BOVEY TRACEY,69,38
BOVEY TRACEY,7,54
BOVEY TRACEY,70,35
BOVEY TRACEY,71,28
BOVEY TRACEY,72,28
BOVEY TRACEY,73,27
BOVEY TRACEY,74,34
BOVEY TRACEY,75,18
BOVEY TRACEY,76,16
BOVEY TRACEY,77,19
BOVEY TRACEY,78,17
BOVEY TRACEY,79,19
BOVEY TRACEY,8,61
BOVEY TRACEY,80,20
BOVEY TRACEY,81,13
BOVEY TRACEY,82,12
BOVEY TRACEY,83,13
BOVEY TRACEY,84,10
BOVEY TRACEY,85,14
BOVEY TRACEY,86,17
BOVEY TRACEY,87,10
BOVEY TRACEY,88,14
BOVEY TRACEY,89,5
BOVEY TRACEY,9,62
BOVEY TRACEY,90,4
BOVEY TRACEY,91,6
BOVEY TRACEY,92,4
BOVEY TRACEY,93,4
BOVEY TRACEY,94,5
BOVEY TRACEY,95,1
BOVEY TRACEY,96,4
BOVEY TRACEY,97,1
BOVEY TRACEY,98,1
BRAUNTON,,403
BRAUNTON,0,3
BRAUNTON,1,14
BRAUNTON,10,109
BRAUNTON,11,95
BRAUNTON,114,1
BRAUNTON,115,3
BRAUNTON,116,1
BRAUNTON,12,95
BRAUNTON,13,82
BRAUNTON,14,59
BRAUNTON,15,55
BRAUNTON,16,46
BRAUNTON,17,50
BRAUNTON,18,40
BRAUNTON,19,40
BRAUNTON,2,33
BRAUNTON,20,38
BRAUNTON,21,26
BRAUNTON,22,26
BRAUNTON,23,29
BRAUNTON,24,24
BRAUNTON,25,21
BRAUNTON,26,20
BRAUNTON,27,19
BRAUNTON,28,33
BRAUNTON,29,18
BRAUNTON,3,64
BRAUNTON,30,40
BRAUNTON,31,39
BRAUNTON,32,33
BRAUNTON,33,31
BRAUNTON,34,37
BRAUNTON,35,41
BRAUNTON,36,50
BRAUNTON,37,46
BRAUNTON,38,56
BRAUNTON,39,55
BRAUNTON,4,59
BRAUNTON,40,55
BRAUNTON,41,50
BRAUNTON,42,64
BRAUNTON,43,54
BRAUNTON,44,58
BRAUNTON,45,56
BRAUNTON,46,44
BRAUNTON,47,49
BRAUNTON,48,34
BRAUNTON,49,32
BRAUNTON,5,81
BRAUNTON,50,56
BRAUNTON,51,29
BRAUNTON,52,25
BRAUNTON,53,39
BRAUNTON,54,21
BRAUNTON,55,29
BRAUNTON,56,26
BRAUNTON,57,30
BRAUNTON,58,24
BRAUNTON,59,33
BRAUNTON,6,111
BRAUNTON,60,23
BRAUNTON,61,19
BRAUNTON,62,21
BRAUNTON,63,25
BRAUNTON,64,25
BRAUNTON,65,30
BRAUNTON,66,37
BRAUNTON,67,31
BRAUNTON,68,46
BRAUNTON,69,41
BRAUNTON,7,115
BRAUNTON,70,41
BRAUNTON,71,28
BRAUNTON,72,43
BRAUNTON,73,39
BRAUNTON,74,26
BRAUNTON,75,21
BRAUNTON,76,34
BRAUNTON,77,28
BRAUNTON,78,34
BRAUNTON,79,23
BRAUNTON,8,120
BRAUNTON,80,19
BRAUNTON,81,18
BRAUNTON,82,25
BRAUNTON,83,13
BRAUNTON,84,13
BRAUNTON,85,17
BRAUNTON,86,24
BRAUNTON,87,5
BRAUNTON,88,3
BRAUNTON,89,9
BRAUNTON,9,106
BRAUNTON,90,11
BRAUNTON,91,6
BRAUNTON,92,1
BRAUNTON,93,3
BRAUNTON,94,1
BRAUNTON,95,1
BRAUNTON,96,2
BUCKFASTLEIGH,,84
BUCKFASTLEIGH,0,4
BUCKFASTLEIGH,1,6
BUCKFASTLEIGH,10,21
BUCKFASTLEIGH,11,47
BUCKFASTLEIGH,112,1
BUCKFASTLEIGH,12,36
BUCKFASTLEIGH,13,34
BUCKFASTLEIGH,14,30
BUCKFASTLEIGH,15,31
BUCKFASTLEIGH,16,34
BUCKFASTLEIGH,17,18
BUCKFASTLEIGH,18,17
BUCKFASTLEIGH,19,11
BUCKFASTLEIGH,2,11
BUCKFASTLEIGH,20,14
BUCKFASTLEIGH,21,9
BUCKFASTLEIGH,22,13
BUCKFASTLEIGH,23,13
BUCKFASTLEIGH,24,12
BUCKFASTLEIGH,25,9
BUCKFASTLEIGH,26,9
BUCKFASTLEIGH,27,8
BUCKFASTLEIGH,28,22
BUCKFASTLEIGH,29,16
BUCKFASTLEIGH,3,14
BUCKFASTLEIGH,30,16
BUCKFASTLEIGH,31,10
BUCKFASTLEIGH,32,17
BUCKFASTLEIGH,33,18
BUCKFASTLEIGH,34,12
BUCKFASTLEIGH,35,13
BUCKFASTLEIGH,36,12
BUCKFASTLEIGH,37,21
BUCKFASTLEIGH,38,14
BUCKFASTLEIGH,39,11
BUCKFASTLEIGH,4,31
BUCKFASTLEIGH,40,14
BUCKFASTLEIGH,41,17
BUCKFASTLEIGH,42,12
BUCKFASTLEIGH,43,22
BUCKFASTLEIGH,44,23
BUCKFASTLEIGH,45,12
BUCKFASTLEIGH,46,13
BUCKFASTLEIGH,47,20
BUCKFASTLEIGH,48,17
BUCKFASTLEIGH,49,20
BUCKFASTLEIGH,5,24
BUCKFASTLEIGH,50,12
BUCKFASTLEIGH,51,18
BUCKFASTLEIGH,52,15
BUCKFASTLEIGH,53,18
BUCKFASTLEIGH,54,12
BUCKFASTLEIGH,55,16
BUCKFASTLEIGH,56,10
BUCKFASTLEIGH,57,10
BUCKFASTLEIGH,58,12
BUCKFASTLEIGH,59,8
BUCKFASTLEIGH,6,19
BUCKFASTLEIGH,60,8
BUCKFASTLEIGH,61,11
BUCKFASTLEIGH,62,8
BUCKFASTLEIGH,63,16
BUCKFASTLEIGH,64,11
BUCKFASTLEIGH,65,13
BUCKFASTLEIGH,66,11
BUCKFASTLEIGH,67,15
BUCKFASTLEIGH,68,13
BUCKFASTLEIGH,69,12
BUCKFASTLEIGH,7,28
BUCKFASTLEIGH,70,15
BUCKFASTLEIGH,71,13
BUCKFASTLEIGH,72,9
BUCKFASTLEIGH,73,8
BUCKFASTLEIGH,74,8
BUCKFASTLEIGH,75,6
BUCKFASTLEIGH,76,4
BUCKFASTLEIGH,77,2
BUCKFASTLEIGH,78,3
BUCKFASTLEIGH,79,1
BUCKFASTLEIGH,8,33
BUCKFASTLEIGH,80,3
BUCKFASTLEIGH,81,5
BUCKFASTLEIGH,82,3
BUCKFASTLEIGH,83,3
BUCKFASTLEIGH,85,1
BUCKFASTLEIGH,86,4
BUCKFASTLEIGH,88,1
BUCKFASTLEIGH,9,29
BUCKFASTLEIGH,90,1
BUCKFASTLEIGH,91,1
BUCKFASTLEIGH,92,1
BUCKFASTLEIGH,95,1
BUCKFASTLEIGH,98,1
BUDLEIGH SALTERTON,,1125
BUDLEIGH SALTERTON,0,5
BUDLEIGH SALTERTON,1,9
BUDLEIGH SALTERTON,10,71
BUDLEIGH SALTERTON,106,1
BUDLEIGH SALTERTON,11,51
BUDLEIGH SALTERTON,115,1
BUDLEIGH SALTERTON,116,1
BUDLEIGH SALTERTON,12,56
BUDLEIGH SALTERTON,13,55
BUDLEIGH SALTERTON,14,34
BUDLEIGH SALTERTON,15,38
BUDLEIGH SALTERTON,16,38
BUDLEIGH SALTERTON,17,33
BUDLEIGH SALTERTON,18,34
BUDLEIGH SALTERTON,19,28
BUDLEIGH SALTERTON,2,27
BUDLEIGH SALTERTON,20,32
BUDLEIGH SALTERTON,21,26
BUDLEIGH SALTERTON,22,23
BUDLEIGH SALTERTON,23,20
BUDLEIGH SALTERTON,24,18
BUDLEIGH SALTERTON,25,17
BUDLEIGH SALTERTON,26,14
BUDLEIGH SALTERTON,27,22
BUDLEIGH SALTERTON,28,25
BUDLEIGH SALTERTON,29,20
BUDLEIGH SALTERTON,3,41
BUDLEIGH SALTERTON,30,28
BUDLEIGH SALTERTON,31,18
BUDLEIGH SALTERTON,32,25
BUDLEIGH SALTERTON,33,30
BUDLEIGH SALTERTON,34,23
BUDLEIGH SALTERTON,35,28
BUDLEIGH SALTERTON,36,22
BUDLEIGH SALTERTON,37,37
BUDLEIGH SALTERTON,38,33
BUDLEIGH SALTERTON,39,30
BUDLEIGH SALTERTON,4,50
BUDLEIGH SALTERTON,40,34
BUDLEIGH SALTERTON,41,27
BUDLEIGH SALTERTON,42,37
BUDLEIGH SALTERTON,43,37
BUDLEIGH SALTERTON,44,43
BUDLEIGH SALTERTON,45,39
BUDLEIGH SALTERTON,46,33
BUDLEIGH SALTERTON,47,34
BUDLEIGH SALTERTON,48,35
BUDLEIGH SALTERTON,49,42
BUDLEIGH SALTERTON,5,42
BUDLEIGH SALTERTON,50,35
BUDLEIGH SALTERTON,51,39
BUDLEIGH SALTERTON,52,39
BUDLEIGH SALTERTON,53,34
BUDLEIGH SALTERTON,54,30
BUDLEIGH SALTERTON,55,28
BUDLEIGH SALTERTON,56,36
BUDLEIGH SALTERTON,57,31
BUDLEIGH SALTERTON,58,39
BUDLEIGH SALTERTON,59,33
BUDLEIGH SALTERTON,6,55
BUDLEIGH SALTERTON,60,46
BUDLEIGH SALTERTON,61,36
BUDLEIGH SALTERTON,62,51
BUDLEIGH SALTERTON,63,49
BUDLEIGH SALTERTON,64,64
BUDLEIGH SALTERTON,65,70
BUDLEIGH SALTERTON,66,71
BUDLEIGH SALTERTON,67,54
BUDLEIGH SALTERTON,68,62
BUDLEIGH SALTERTON,69,54
BUDLEIGH SALTERTON,7,64
BUDLEIGH SALTERTON,70,57
BUDLEIGH SALTERTON,71,51
BUDLEIGH SALTERTON,72,61
BUDLEIGH SALTERTON,73,46
BUDLEIGH SALTERTON,74,38
BUDLEIGH SALTERTON,75,35
BUDLEIGH SALTERTON,76,32
BUDLEIGH SALTERTON,77,27
BUDLEIGH SALTERTON,78,30
BUDLEIGH SALTERTON,79,24
BUDLEIGH SALTERTON,8,53
BUDLEIGH SALTERTON,80,28
BUDLEIGH SALTERTON,81,19
BUDLEIGH SALTERTON,82,20
BUDLEIGH SALTERTON,83,8
BUDLEIGH SALTERTON,84,12
BUDLEIGH SALTERTON,85,7
BUDLEIGH SALTERTON,86,11
BUDLEIGH SALTERTON,87,13
BUDLEIGH SALTERTON,88,10
BUDLEIGH SALTERTON,89,7
BUDLEIGH SALTERTON,9,58
BUDLEIGH SALTERTON,90,5
BUDLEIGH SALTERTON,91,4
BUDLEIGH SALTERTON,92,1
BUDLEIGH SALTERTON,93,1
BUDLEIGH SALTERTON,94,2
BUDLEIGH SALTERTON,95,1
BUDLEIGH SALTERTON,96,3
BUDLEIGH SALTERTON,97,2
CHAGFORD,,88
CHAGFORD,0,2
CHAGFORD,1,4
CHAGFORD,10,19
CHAGFORD,11,16
CHAGFORD,12,16
CHAGFORD,13,11
CHAGFORD,14,8
CHAGFORD,15,7
CHAGFORD,16,8
CHAGFORD,17,7
CHAGFORD,18,6
CHAGFORD,19,6
CHAGFORD,2,8
CHAGFORD,20,6
CHAGFORD,21,3
CHAGFORD,22,4
CHAGFORD,23,3
CHAGFORD,24,1
CHAGFORD,26,4
CHAGFORD,28,5
CHAGFORD,29,3
CHAGFORD,3,15
CHAGFORD,30,2
CHAGFORD,31,2
CHAGFORD,32,8
CHAGFORD,33,8
CHAGFORD,34,6
CHAGFORD,35,4
CHAGFORD,36,6
CHAGFORD,37,6
CHAGFORD,38,4
CHAGFORD,39,6
CHAGFORD,4,16
CHAGFORD,40,6
CHAGFORD,41,9
CHAGFORD,42,8
CHAGFORD,43,13
CHAGFORD,44,12
CHAGFORD,45,12
CHAGFORD,46,9
CHAGFORD,47,10
CHAGFORD,48,9
CHAGFORD,49,3
CHAGFORD,5,8
CHAGFORD,50,7
CHAGFORD,51,6
CHAGFORD,52,6
CHAGFORD,53,5
CHAGFORD,54,10
CHAGFORD,55,12
CHAGFORD,56,3
CHAGFORD,57,8
CHAGFORD,58,3
CHAGFORD,59,8
CHAGFORD,6,20
CHAGFORD,60,8
CHAGFORD,61,7
CHAGFORD,62,6
CHAGFORD,63,7
CHAGFORD,64,5
CHAGFORD,65,5
CHAGFORD,66,8
CHAGFORD,67,9
CHAGFORD,68,12
CHAGFORD,69,15
CHAGFORD,7,11
CHAGFORD,70,3
CHAGFORD,71,4
CHAGFORD,72,8
CHAGFORD,73,12
CHAGFORD,74,7
CHAGFORD,75,7
CHAGFORD,76,6
CHAGFORD,77,7
CHAGFORD,78,2
CHAGFORD,79,1
CHAGFORD,8,8
CHAGFORD,80,4
CHAGFORD,81,1
CHAGFORD,82,2
CHAGFORD,83,1
CHAGFORD,84,7
CHAGFORD,85,4
CHAGFORD,86,4
CHAGFORD,87,2
CHAGFORD,88,3
CHAGFORD,89,2
CHAGFORD,9,20
CHAGFORD,90,4
CHAGFORD,91,4
CHAGFORD,93,1
CHAGFORD,95,1
CHAGFORD,96,1
CHANNINGS WOOD PRISON,,1131
CHUDLEIGH,,175
CHUDLEIGH,0,3
CHUDLEIGH,1,9
CHUDLEIGH,10,69
CHUDLEIGH,103,1
CHUDLEIGH,11,54
CHUDLEIGH,116,1
CHUDLEIGH,12,50
CHUDLEIGH,13,53
CHUDLEIGH,14,35
CHUDLEIGH,15,27
CHUDLEIGH,16,42
CHUDLEIGH,17,36
CHUDLEIGH,18,21
CHUDLEIGH,19,14
CHUDLEIGH,2,27
CHUDLEIGH,20,23
CHUDLEIGH,21,16
CHUDLEIGH,22,17
CHUDLEIGH,23,14
CHUDLEIGH,24,11
CHUDLEIGH,25,12
CHUDLEIGH,26,13
CHUDLEIGH,27,15
CHUDLEIGH,28,20
CHUDLEIGH,29,9
CHUDLEIGH,3,30
CHUDLEIGH,30,10
CHUDLEIGH,31,19
CHUDLEIGH,32,12
CHUDLEIGH,33,26
CHUDLEIGH,34,20
CHUDLEIGH,35,10
CHUDLEIGH,36,24
CHUDLEIGH,37,31
CHUDLEIGH,38,27
CHUDLEIGH,39,26
CHUDLEIGH,4,41
CHUDLEIGH,40,30
CHUDLEIGH,41,27
CHUDLEIGH,42,37
CHUDLEIGH,43,14
CHUDLEIGH,44,25
CHUDLEIGH,45,35
CHUDLEIGH,46,28
CHUDLEIGH,47,25
CHUDLEIGH,48,23
CHUDLEIGH,49,16
CHUDLEIGH,5,52
CHUDLEIGH,50,30
CHUDLEIGH,51,23
CHUDLEIGH,52,27
CHUDLEIGH,53,18
CHUDLEIGH,54,11
CHUDLEIGH,55,16
CHUDLEIGH,56,22
CHUDLEIGH,57,15
CHUDLEIGH,58,13
CHUDLEIGH,59,24
CHUDLEIGH,6,55
CHUDLEIGH,60,26
CHUDLEIGH,61,15
CHUDLEIGH,62,21
CHUDLEIGH,63,24
CHUDLEIGH,64,15
CHUDLEIGH,65,19
CHUDLEIGH,66,21
CHUDLEIGH,67,25
CHUDLEIGH,68,22
CHUDLEIGH,69,28
CHUDLEIGH,7,73
CHUDLEIGH,70,24
CHUDLEIGH,71,27
CHUDLEIGH,72,21
CHUDLEIGH,73,19
CHUDLEIGH,74,15
CHUDLEIGH,75,6
CHUDLEIGH,76,9
CHUDLEIGH,77,15
CHUDLEIGH,78,14
CHUDLEIGH,79,8
CHUDLEIGH,8,52
CHUDLEIGH,80,9
CHUDLEIGH,81,8
CHUDLEIGH,82,8
CHUDLEIGH,83,7
CHUDLEIGH,84,5
CHUDLEIGH,85,2
CHUDLEIGH,86,4
CHUDLEIGH,87,4
CHUDLEIGH,88,4
CHUDLEIGH,89,2
CHUDLEIGH,9,57
CHUDLEIGH,90,1
CHUDLEIGH,91,1
CHUDLEIGH,92,1
CHUDLEIGH,93,3
CHUDLEIGH,94,1
CHUDLEIGH,95,2
CHUDLEIGH,97,1
COLYTON,,124
COLYTON,1,2
COLYTON,10,22
COLYTON,11,24
COLYTON,116,1
COLYTON,12,20
COLYTON,13,16
COLYTON,14,34
COLYTON,15,26
COLYTON,16,15
COLYTON,17,10
COLYTON,18,14
COLYTON,19,17
COLYTON,2,6
COLYTON,20,14
COLYTON,21,7
COLYTON,22,8
COLYTON,23,7
COLYTON,24,8
COLYTON,25,6
COLYTON,26,4
COLYTON,27,5
COLYTON,28,9
COLYTON,29,9
COLYTON,3,4
COLYTON,30,6
COLYTON,31,5
COLYTON,32,4
COLYTON,33,5
COLYTON,34,6
COLYTON,35,6
COLYTON,36,7
COLYTON,37,4
COLYTON,38,4
COLYTON,39,4
COLYTON,4,12
COLYTON,40,3
COLYTON,41,8
COLYTON,42,14
COLYTON,43,7
COLYTON,44,10
COLYTON,45,6
COLYTON,46,14
COLYTON,47,12
COLYTON,48,7
COLYTON,49,6
COLYTON,5,13
COLYTON,50,13
COLYTON,51,8
COLYTON,52,5
COLYTON,53,7
COLYTON,54,2
COLYTON,55,16
COLYTON,56,5
COLYTON,57,10
COLYTON,58,9
COLYTON,59,10
COLYTON,6,7
COLYTON,60,7
COLYTON,61,6
COLYTON,62,13
COLYTON,63,12
COLYTON,64,6
COLYTON,65,9
COLYTON,66,7
COLYTON,67,14
COLYTON,68,13
COLYTON,69,27
COLYTON,7,21
COLYTON,70,14
COLYTON,71,10
COLYTON,72,14
COLYTON,73,8
COLYTON,74,14
COLYTON,75,5
COLYTON,76,11
COLYTON,77,8
COLYTON,78,12
COLYTON,79,2
COLYTON,8,13
COLYTON,80,4
COLYTON,81,4
COLYTON,82,2
COLYTON,83,3
COLYTON,84,1
COLYTON,85,3
COLYTON,87,6
COLYTON,88,1
COLYTON,89,2
COLYTON,9,14
COLYTON,90,2
COLYTON,92,3
COLYTON,93,1
COLYTON,95,1
COLYTON,96,1
COLYTON,99,1
COMBE MARTIN,,83
COMBE MARTIN,0,4
COMBE MARTIN,1,8
COMBE MARTIN,10,20
COMBE MARTIN,11,16
COMBE MARTIN,12,25
COMBE MARTIN,13,11
COMBE MARTIN,14,15
COMBE MARTIN,15,8
COMBE MARTIN,16,7
COMBE MARTIN,17,12
COMBE MARTIN,18,9
COMBE MARTIN,19,9
COMBE MARTIN,2,10
COMBE MARTIN,20,11
COMBE MARTIN,21,5
COMBE MARTIN,22,10
COMBE MARTIN,23,5
COMBE MARTIN,24,2
COMBE MARTIN,25,5
COMBE MARTIN,26,10
COMBE MARTIN,27,3
COMBE MARTIN,28,11
COMBE MARTIN,29,7
COMBE MARTIN,3,11
COMBE MARTIN,30,4
COMBE MARTIN,31,12
COMBE MARTIN,32,12
COMBE MARTIN,33,7
COMBE MARTIN,34,4
COMBE MARTIN,35,9
COMBE MARTIN,36,5
COMBE MARTIN,37,13
COMBE MARTIN,38,3
COMBE MARTIN,39,8
COMBE MARTIN,4,20
COMBE MARTIN,40,9
COMBE MARTIN,41,12
COMBE MARTIN,42,9
COMBE MARTIN,43,6
COMBE MARTIN,44,10
COMBE MARTIN,45,5
COMBE MARTIN,46,9
COMBE MARTIN,47,7
COMBE MARTIN,48,12
COMBE MARTIN,49,7
COMBE MARTIN,5,17
COMBE MARTIN,50,12
COMBE MARTIN,51,8
COMBE MARTIN,52,11
COMBE MARTIN,53,9
COMBE MARTIN,54,6
COMBE MARTIN,55,13
COMBE MARTIN,56,15
COMBE MARTIN,57,5
COMBE MARTIN,58,10
COMBE MARTIN,59,10
COMBE MARTIN,6,23
COMBE MARTIN,60,16
COMBE MARTIN,61,19
COMBE MARTIN,62,9
COMBE MARTIN,63,15
COMBE MARTIN,64,12
COMBE MARTIN,65,15
COMBE MARTIN,66,15
COMBE MARTIN,67,16
COMBE MARTIN,68,11
COMBE MARTIN,69,14
COMBE MARTIN,7,21
COMBE MARTIN,70,11
COMBE MARTIN,71,8
COMBE MARTIN,72,8
COMBE MARTIN,73,6
COMBE MARTIN,74,11
COMBE MARTIN,75,5
COMBE MARTIN,76,4
COMBE MARTIN,77,7
COMBE MARTIN,78,6
COMBE MARTIN,79,5
COMBE MARTIN,8,18
COMBE MARTIN,80,3
COMBE MARTIN,81,6
COMBE MARTIN,82,3
COMBE MARTIN,83,5
COMBE MARTIN,84,4
COMBE MARTIN,85,4
COMBE MARTIN,86,2
COMBE MARTIN,87,1
COMBE MARTIN,88,2
COMBE MARTIN,89,1
COMBE MARTIN,9,15
COMBE MARTIN,91,3
COMBE MARTIN,92,3
COMBE MARTIN,93,1
COMBE MARTIN,94,1
COMBE MARTIN,98,2
CREDITON,,505
CREDITON,0,17
CREDITON,1,34
CREDITON,10,183
CREDITON,101,1
CREDITON,11,161
CREDITON,112,1
CREDITON,113,1
CREDITON,116,1
CREDITON,12,145
CREDITON,13,145
CREDITON,14,121
CREDITON,15,116
CREDITON,16,97
CREDITON,17,90
CREDITON,18,84
CREDITON,19,81
CREDITON,2,69
CREDITON,20,70
CREDITON,21,75
CREDITON,22,83
CREDITON,23,44
CREDITON,24,63
CREDITON,25,70
CREDITON,26,81
CREDITON,27,66
CREDITON,28,95
CREDITON,29,61
CREDITON,3,106
CREDITON,30,69
CREDITON,31,67
CREDITON,32,72
CREDITON,33,79
CREDITON,34,70
CREDITON,35,80
CREDITON,36,84
CREDITON,37,67
CREDITON,38,92
CREDITON,39,76
CREDITON,4,123
CREDITON,40,82
CREDITON,41,92
CREDITON,42,95
CREDITON,43,63
CREDITON,44,77
CREDITON,45,72
CREDITON,46,97
CREDITON,47,86
CREDITON,48,82
CREDITON,49,67
CREDITON,5,158
CREDITON,50,76
CREDITON,51,80
CREDITON,52,67
CREDITON,53,55
CREDITON,54,69
CREDITON,55,46
CREDITON,56,59
CREDITON,57,55
CREDITON,58,47
CREDITON,59,44
CREDITON,6,152
CREDITON,60,36
CREDITON,61,60
CREDITON,62,48
CREDITON,63,67
CREDITON,64,64
CREDITON,65,51
CREDITON,66,52
CREDITON,67,68
CREDITON,68,69
CREDITON,69,76
CREDITON,7,169
CREDITON,70,58
CREDITON,71,64
CREDITON,72,54
CREDITON,73,38
CREDITON,74,36
CREDITON,75,38
CREDITON,76,25
CREDITON,77,28
CREDITON,78,42
CREDITON,79,35
CREDITON,8,144
CREDITON,80,27
CREDITON,81,17
CREDITON,82,16
CREDITON,83,19
CREDITON,84,18
CREDITON,85,15
CREDITON,86,16
CREDITON,87,14
CREDITON,88,5
CREDITON,89,9
CREDITON,9,170
CREDITON,90,7
CREDITON,91,5
CREDITON,92,4
CREDITON,93,3
CREDITON,94,1
CREDITON,95,1
CREDITON,96,1
CREDITON,97,2
CREDITON,98,1
CULLOMPTON,,225
CULLOMPTON,0,12
CULLOMPTON,1,45
CULLOMPTON,10,156
CULLOMPTON,11,138
CULLOMPTON,112,1
CULLOMPTON,113,2
CULLOMPTON,114,1
CULLOMPTON,115,1
CULLOMPTON,116,4
CULLOMPTON,12,144
CULLOMPTON,13,98
CULLOMPTON,14,108
CULLOMPTON,15,98
CULLOMPTON,16,70
CULLOMPTON,17,76
CULLOMPTON,18,100
CULLOMPTON,19,52
CULLOMPTON,2,73
CULLOMPTON,20,64
CULLOMPTON,21,65
CULLOMPTON,22,69
CULLOMPTON,23,54
CULLOMPTON,24,59
CULLOMPTON,25,78
CULLOMPTON,26,75
CULLOMPTON,27,65
CULLOMPTON,28,69
CULLOMPTON,29,61
CULLOMPTON,3,93
CULLOMPTON,30,81
CULLOMPTON,31,88
CULLOMPTON,32,76
CULLOMPTON,33,82
CULLOMPTON,34,94
CULLOMPTON,35,76
CULLOMPTON,36,78
CULLOMPTON,37,91
CULLOMPTON,38,72
CULLOMPTON,39,50
CULLOMPTON,4,127
CULLOMPTON,40,91
CULLOMPTON,41,58
CULLOMPTON,42,56
CULLOMPTON,43,71
CULLOMPTON,44,63
CULLOMPTON,45,63
CULLOMPTON,46,67
CULLOMPTON,47,65
CULLOMPTON,48,54
CULLOMPTON,49,43
CULLOMPTON,5,150
CULLOMPTON,50,60
CULLOMPTON,51,53
CULLOMPTON,52,45
CULLOMPTON,53,42
CULLOMPTON,54,43
CULLOMPTON,55,31
CULLOMPTON,56,54
CULLOMPTON,57,49
CULLOMPTON,58,35
CULLOMPTON,59,29
CULLOMPTON,6,125
CULLOMPTON,60,41
CULLOMPTON,61,30
CULLOMPTON,62,36
CULLOMPTON,63,47
CULLOMPTON,64,52
CULLOMPTON,65,33
CULLOMPTON,66,50
CULLOMPTON,67,38
CULLOMPTON,68,40
CULLOMPTON,69,39
CULLOMPTON,7,149
CULLOMPTON,70,38
CULLOMPTON,71,27
CULLOMPTON,72,27
CULLOMPTON,73,30
CULLOMPTON,74,24
CULLOMPTON,75,25
CULLOMPTON,76,15
CULLOMPTON,77,16
CULLOMPTON,78,19
CULLOMPTON,79,20
CULLOMPTON,8,149
CULLOMPTON,80,19
CULLOMPTON,81,10
CULLOMPTON,82,11
CULLOMPTON,83,10
CULLOMPTON,84,14
CULLOMPTON,85,7
CULLOMPTON,86,8
CULLOMPTON,87,7
CULLOMPTON,88,6
CULLOMPTON,89,4
CULLOMPTON,9,144
CULLOMPTON,90,4
CULLOMPTON,91,3
CULLOMPTON,92,1
CULLOMPTON,94,1
CULLOMPTON,95,4
CULLOMPTON,96,2
CULLOMPTON,98,1
CUSTOMER SERVICES CENTRE,,2
CUSTOMER SERVICES CENTRE,53,1
CUSTOMER SERVICES CENTRE,72,1
DARTMOOR PRISON,,1136
DARTMOUTH,,461
DARTMOUTH,0,3
DARTMOUTH,1,20
DARTMOUTH,10,90
DARTMOUTH,100,2
DARTMOUTH,101,1
DARTMOUTH,11,78
DARTMOUTH,116,1
DARTMOUTH,12,70
DARTMOUTH,13,68
DARTMOUTH,14,63
DARTMOUTH,15,59
DARTMOUTH,16,51
DARTMOUTH,17,45
DARTMOUTH,18,37
DARTMOUTH,19,44
DARTMOUTH,2,20
DARTMOUTH,20,44
DARTMOUTH,21,26
DARTMOUTH,22,29
DARTMOUTH,23,33
DARTMOUTH,24,39
DARTMOUTH,25,36
DARTMOUTH,26,43
DARTMOUTH,27,50
DARTMOUTH,28,49
DARTMOUTH,29,59
DARTMOUTH,3,39
DARTMOUTH,30,53
DARTMOUTH,31,59
DARTMOUTH,32,45
DARTMOUTH,33,46
DARTMOUTH,34,51
DARTMOUTH,35,44
DARTMOUTH,36,45
DARTMOUTH,37,47
DARTMOUTH,38,37
DARTMOUTH,39,47
DARTMOUTH,4,49
DARTMOUTH,40,53
DARTMOUTH,41,45
DARTMOUTH,42,43
DARTMOUTH,43,59
DARTMOUTH,44,46
DARTMOUTH,45,66
DARTMOUTH,46,62
DARTMOUTH,47,58
DARTMOUTH,48,55
DARTMOUTH,49,58
DARTMOUTH,5,56
DARTMOUTH,50,61
DARTMOUTH,51,61
DARTMOUTH,52,55
DARTMOUTH,53,71
DARTMOUTH,54,38
DARTMOUTH,55,55
DARTMOUTH,56,74
DARTMOUTH,57,72
DARTMOUTH,58,51
DARTMOUTH,59,50
DARTMOUTH,6,63
DARTMOUTH,60,50
DARTMOUTH,61,67
DARTMOUTH,62,66
DARTMOUTH,63,66
DARTMOUTH,64,91
DARTMOUTH,65,74
DARTMOUTH,66,72
DARTMOUTH,67,88
DARTMOUTH,68,80
DARTMOUTH,69,101
DARTMOUTH,7,53
DARTMOUTH,70,97
DARTMOUTH,71,76
DARTMOUTH,72,61
DARTMOUTH,73,60
DARTMOUTH,74,51
DARTMOUTH,75,47
DARTMOUTH,76,45
DARTMOUTH,77,56
DARTMOUTH,78,26
DARTMOUTH,79,27
DARTMOUTH,8,64
DARTMOUTH,80,26
DARTMOUTH,81,15
DARTMOUTH,82,23
DARTMOUTH,83,19
DARTMOUTH,84,17
DARTMOUTH,85,15
DARTMOUTH,86,17
DARTMOUTH,87,13
DARTMOUTH,88,8
DARTMOUTH,89,13
DARTMOUTH,9,62
DARTMOUTH,90,7
DARTMOUTH,91,6
DARTMOUTH,92,9
DARTMOUTH,93,3
DARTMOUTH,94,3
DARTMOUTH,95,2
DARTMOUTH,96,3
DARTMOUTH,98,2
DAWLISH,,524
DAWLISH,0,7
DAWLISH,1,32
DAWLISH,10,106
DAWLISH,100,1
DAWLISH,11,104
DAWLISH,114,3
DAWLISH,116,1
DAWLISH,12,108
DAWLISH,13,94
DAWLISH,14,72
DAWLISH,15,64
DAWLISH,16,61
DAWLISH,17,68
DAWLISH,18,65
DAWLISH,19,51
DAWLISH,2,39
DAWLISH,20,68
DAWLISH,21,57
DAWLISH,22,59
DAWLISH,23,49
DAWLISH,24,54
DAWLISH,25,54
DAWLISH,26,64
DAWLISH,27,61
DAWLISH,28,87
DAWLISH,29,63
DAWLISH,3,48
DAWLISH,30,61
DAWLISH,31,64
DAWLISH,32,72
DAWLISH,33,79
DAWLISH,34,76
DAWLISH,35,56
DAWLISH,36,63
DAWLISH,37,64
DAWLISH,38,58
DAWLISH,39,78
DAWLISH,4,77
DAWLISH,40,51
DAWLISH,41,58
DAWLISH,42,58
DAWLISH,43,69
DAWLISH,44,59
DAWLISH,45,67
DAWLISH,46,66
DAWLISH,47,65
DAWLISH,48,70
DAWLISH,49,56
DAWLISH,5,66
DAWLISH,50,66
DAWLISH,51,59
DAWLISH,52,74
DAWLISH,53,65
DAWLISH,54,46
DAWLISH,55,66
DAWLISH,56,50
DAWLISH,57,62
DAWLISH,58,70
DAWLISH,59,61
DAWLISH,6,74
DAWLISH,60,51
DAWLISH,61,71
DAWLISH,62,53
DAWLISH,63,73
DAWLISH,64,80
DAWLISH,65,71
DAWLISH,66,91
DAWLISH,67,63
DAWLISH,68,74
DAWLISH,69,82
DAWLISH,7,77
DAWLISH,70,66
DAWLISH,71,77
DAWLISH,72,81
DAWLISH,73,55
DAWLISH,74,43
DAWLISH,75,61
DAWLISH,76,29
DAWLISH,77,52
DAWLISH,78,38
DAWLISH,79,33
DAWLISH,8,82
DAWLISH,80,41
DAWLISH,81,23
DAWLISH,82,29
DAWLISH,83,28
DAWLISH,84,14
DAWLISH,85,15
DAWLISH,86,19
DAWLISH,87,21
DAWLISH,88,20
DAWLISH,89,23
DAWLISH,9,79
DAWLISH,90,11
DAWLISH,91,5
DAWLISH,92,9
DAWLISH,93,3
DAWLISH,94,6
DAWLISH,95,2
DAWLISH,96,3
DAWLISH,97,2
DAWLISH,98,1
EXETER,,3429
EXETER,0,116
EXETER,1,357
EXETER,10,696
EXETER,101,1
EXETER,105,2
EXETER,11,677
EXETER,112,2
EXETER,113,1
EXETER,114,6
EXETER,115,12
EXETER,116,28
EXETER,12,588
EXETER,13,497
EXETER,14,436
EXETER,15,370
EXETER,16,396
EXETER,17,612
EXETER,18,820
EXETER,19,803
EXETER,2,536
EXETER,20,869
EXETER,21,952
EXETER,22,1068
EXETER,23,1164
EXETER,24,1155
EXETER,25,1137
EXETER,26,1136
EXETER,27,1143
EXETER,28,1262
EXETER,29,1187
EXETER,3,635
EXETER,30,1166
EXETER,31,1069
EXETER,32,1069
EXETER,33,986
EXETER,34,1064
EXETER,35,948
EXETER,36,984
EXETER,37,945
EXETER,38,853
EXETER,39,809
EXETER,4,754
EXETER,40,814
EXETER,41,766
EXETER,42,682
EXETER,43,711
EXETER,44,683
EXETER,45,631
EXETER,46,648
EXETER,47,557
EXETER,48,556
EXETER,49,575
EXETER,5,767
EXETER,50,467
EXETER,51,521
EXETER,52,515
EXETER,53,481
EXETER,54,409
EXETER,55,409
EXETER,56,450
EXETER,57,390
EXETER,58,389
EXETER,59,382
EXETER,6,840
EXETER,60,376
EXETER,61,332
EXETER,62,359
EXETER,63,374
EXETER,64,397
EXETER,65,414
EXETER,66,392
EXETER,67,405
EXETER,68,392
EXETER,69,408
EXETER,7,846
EXETER,70,383
EXETER,71,294
EXETER,72,282
EXETER,73,238
EXETER,74,237
EXETER,75,188
EXETER,76,189
EXETER,77,168
EXETER,78,157
EXETER,79,124
EXETER,8,856
EXETER,80,115
EXETER,81,101
EXETER,82,84
EXETER,83,75
EXETER,84,67
EXETER,85,62
EXETER,86,71
EXETER,87,52
EXETER,88,42
EXETER,89,29
EXETER,9,786
EXETER,90,28
EXETER,91,31
EXETER,92,20
EXETER,93,9
EXETER,94,14
EXETER,95,5
EXETER,96,12
EXETER,97,6
EXETER,98,1
EXETER,99,1
EXETER PRISON,,523
EXETER STACK,,7
EXMOUTH,,1308
EXMOUTH,0,22
EXMOUTH,1,85
EXMOUTH,10,255
EXMOUTH,100,1
EXMOUTH,101,1
EXMOUTH,102,1
EXMOUTH,11,300
EXMOUTH,112,1
EXMOUTH,115,4
EXMOUTH,116,3
EXMOUTH,12,234
EXMOUTH,13,213
EXMOUTH,14,183
EXMOUTH,15,189
EXMOUTH,16,172
EXMOUTH,17,164
EXMOUTH,18,159
EXMOUTH,19,170
EXMOUTH,2,130
EXMOUTH,20,154
EXMOUTH,21,187
EXMOUTH,22,155
EXMOUTH,23,146
EXMOUTH,24,171
EXMOUTH,25,199
EXMOUTH,26,147
EXMOUTH,27,182
EXMOUTH,28,186
EXMOUTH,29,171
EXMOUTH,3,156
EXMOUTH,30,170
EXMOUTH,31,164
EXMOUTH,32,154
EXMOUTH,33,189
EXMOUTH,34,158
EXMOUTH,35,186
EXMOUTH,36,177
EXMOUTH,37,164
EXMOUTH,38,192
EXMOUTH,39,148
EXMOUTH,4,189
EXMOUTH,40,171
EXMOUTH,41,135
EXMOUTH,42,154
EXMOUTH,43,150
EXMOUTH,44,142
EXMOUTH,45,140
EXMOUTH,46,147
EXMOUTH,47,155
EXMOUTH,48,126
EXMOUTH,49,131
EXMOUTH,5,231
EXMOUTH,50,145
EXMOUTH,51,137
EXMOUTH,52,107
EXMOUTH,53,155
EXMOUTH,54,132
EXMOUTH,55,127
EXMOUTH,56,128
EXMOUTH,57,120
EXMOUTH,58,103
EXMOUTH,59,130
EXMOUTH,6,269
EXMOUTH,60,123
EXMOUTH,61,133
EXMOUTH,62,110
EXMOUTH,63,133
EXMOUTH,64,125
EXMOUTH,65,128
EXMOUTH,66,130
EXMOUTH,67,168
EXMOUTH,68,166
EXMOUTH,69,156
EXMOUTH,7,286
EXMOUTH,70,129
EXMOUTH,71,135
EXMOUTH,72,131
EXMOUTH,73,94
EXMOUTH,74,113
EXMOUTH,75,73
EXMOUTH,76,96
EXMOUTH,77,78
EXMOUTH,78,68
EXMOUTH,79,43
EXMOUTH,8,328
EXMOUTH,80,48
EXMOUTH,81,64
EXMOUTH,82,42
EXMOUTH,83,54
EXMOUTH,84,42
EXMOUTH,85,37
EXMOUTH,86,39
EXMOUTH,87,26
EXMOUTH,88,24
EXMOUTH,89,16
EXMOUTH,9,316
EXMOUTH,90,19
EXMOUTH,91,15
EXMOUTH,92,11
EXMOUTH,93,8
EXMOUTH,94,8
EXMOUTH,95,3
EXMOUTH,96,8
EXMOUTH,97,2
EXMOUTH,98,2
EXMOUTH,99,3
HOLSWORTHY,,373
HOLSWORTHY,0,2
HOLSWORTHY,1,6
HOLSWORTHY,10,70
HOLSWORTHY,101,1
HOLSWORTHY,104,1
HOLSWORTHY,11,72
HOLSWORTHY,12,75
HOLSWORTHY,13,57
HOLSWORTHY,14,66
HOLSWORTHY,15,45
HOLSWORTHY,16,42
HOLSWORTHY,17,43
HOLSWORTHY,18,28
HOLSWORTHY,19,32
HOLSWORTHY,2,13
HOLSWORTHY,20,27
HOLSWORTHY,21,19
HOLSWORTHY,22,28
HOLSWORTHY,23,26
HOLSWORTHY,24,26
HOLSWORTHY,25,27
HOLSWORTHY,26,27
HOLSWORTHY,27,25
HOLSWORTHY,28,30
HOLSWORTHY,29,26
HOLSWORTHY,3,31
HOLSWORTHY,30,27
HOLSWORTHY,31,29
HOLSWORTHY,32,27
HOLSWORTHY,33,24
HOLSWORTHY,34,22
HOLSWORTHY,35,26
HOLSWORTHY,36,34
HOLSWORTHY,37,30
HOLSWORTHY,38,29
HOLSWORTHY,39,28
HOLSWORTHY,4,39
HOLSWORTHY,40,34
HOLSWORTHY,41,37
HOLSWORTHY,42,26
HOLSWORTHY,43,37
HOLSWORTHY,44,32
HOLSWORTHY,45,27
HOLSWORTHY,46,25
HOLSWORTHY,47,28
HOLSWORTHY,48,29
HOLSWORTHY,49,34
HOLSWORTHY,5,50
HOLSWORTHY,50,26
HOLSWORTHY,51,25
HOLSWORTHY,52,24
HOLSWORTHY,53,25
HOLSWORTHY,54,26
HOLSWORTHY,55,26
HOLSWORTHY,56,27
HOLSWORTHY,57,34
HOLSWORTHY,58,33
HOLSWORTHY,59,25
HOLSWORTHY,6,63
HOLSWORTHY,60,23
HOLSWORTHY,61,35
HOLSWORTHY,62,30
HOLSWORTHY,63,28
HOLSWORTHY,64,34
HOLSWORTHY,65,31
HOLSWORTHY,66,45
HOLSWORTHY,67,29
HOLSWORTHY,68,44
HOLSWORTHY,69,50
HOLSWORTHY,7,61
HOLSWORTHY,70,36
HOLSWORTHY,71,33
HOLSWORTHY,72,35
HOLSWORTHY,73,31
HOLSWORTHY,74,21
HOLSWORTHY,75,13
HOLSWORTHY,76,17
HOLSWORTHY,77,18
HOLSWORTHY,78,10
HOLSWORTHY,79,20
HOLSWORTHY,8,59
HOLSWORTHY,80,10
HOLSWORTHY,81,4
HOLSWORTHY,82,14
HOLSWORTHY,83,6
HOLSWORTHY,84,7
HOLSWORTHY,85,9
HOLSWORTHY,86,3
HOLSWORTHY,87,4
HOLSWORTHY,88,6
HOLSWORTHY,89,5
HOLSWORTHY,9,70
HOLSWORTHY,90,6
HOLSWORTHY,91,3
HOLSWORTHY,92,2
HOLSWORTHY,93,2
HOLSWORTHY,94,1
HOLSWORTHY,95,2
HOLSWORTHY,98,1
HOLSWORTHY,99,1
HONITON,,676
HONITON,0,8
HONITON,1,34
HONITON,10,156
HONITON,101,1
HONITON,11,151
HONITON,113,1
HONITON,116,2
HONITON,12,157
HONITON,13,122
HONITON,14,124
HONITON,15,115
HONITON,16,72
HONITON,17,81
HONITON,18,105
HONITON,19,64
HONITON,2,48
HONITON,20,77
HONITON,21,93
HONITON,22,77
HONITON,23,64
HONITON,24,93
HONITON,25,85
HONITON,26,68
HONITON,27,86
HONITON,28,166
HONITON,29,74
HONITON,3,77
HONITON,30,75
HONITON,31,76
HONITON,32,80
HONITON,33,82
HONITON,34,72
HONITON,35,79
HONITON,36,89
HONITON,37,88
HONITON,38,80
HONITON,39,74
HONITON,4,124
HONITON,40,82
HONITON,41,91
HONITON,42,73
HONITON,43,88
HONITON,44,84
HONITON,45,85
HONITON,46,72
HONITON,47,90
HONITON,48,75
HONITON,49,66
HONITON,5,140
HONITON,50,79
HONITON,51,72
HONITON,52,63
HONITON,53,67
HONITON,54,69
HONITON,55,58
HONITON,56,77
HONITON,57,72
HONITON,58,73
HONITON,59,62
HONITON,6,152
HONITON,60,65
HONITON,61,53
HONITON,62,60
HONITON,63,72
HONITON,64,75
HONITON,65,71
HONITON,66,75
HONITON,67,79
HONITON,68,99
HONITON,69,96
HONITON,7,149
HONITON,70,113
HONITON,71,87
HONITON,72,86
HONITON,73,58
HONITON,74,58
HONITON,75,51
HONITON,76,43
HONITON,77,57
HONITON,78,40
HONITON,79,50
HONITON,8,152
HONITON,80,56
HONITON,81,35
HONITON,82,33
HONITON,83,25
HONITON,84,33
HONITON,85,35
HONITON,86,33
HONITON,87,17
HONITON,88,21
HONITON,89,25
HONITON,9,134
HONITON,90,10
HONITON,91,6
HONITON,92,6
HONITON,93,7
HONITON,94,3
HONITON,95,6
HONITON,96,6
HONITON,99,3
ILFRACOMBE,,423
ILFRACOMBE,0,6
ILFRACOMBE,1,14
ILFRACOMBE,10,103
ILFRACOMBE,106,1
ILFRACOMBE,11,102
ILFRACOMBE,112,1
ILFRACOMBE,116,1
ILFRACOMBE,12,123
ILFRACOMBE,13,110
ILFRACOMBE,14,81
ILFRACOMBE,15,69
ILFRACOMBE,16,64
ILFRACOMBE,17,72
ILFRACOMBE,18,75
ILFRACOMBE,19,63
ILFRACOMBE,2,31
ILFRACOMBE,20,53
ILFRACOMBE,21,77
ILFRACOMBE,22,66
ILFRACOMBE,23,71
ILFRACOMBE,24,69
ILFRACOMBE,25,69
ILFRACOMBE,26,67
ILFRACOMBE,27,75
ILFRACOMBE,28,85
ILFRACOMBE,29,69
ILFRACOMBE,3,42
ILFRACOMBE,30,83
ILFRACOMBE,31,61
ILFRACOMBE,32,59
ILFRACOMBE,33,57
ILFRACOMBE,34,73
ILFRACOMBE,35,75
ILFRACOMBE,36,79
ILFRACOMBE,37,63
ILFRACOMBE,38,62
ILFRACOMBE,39,69
ILFRACOMBE,4,61
ILFRACOMBE,40,59
ILFRACOMBE,41,59
ILFRACOMBE,42,67
ILFRACOMBE,43,63
ILFRACOMBE,44,75
ILFRACOMBE,45,81
ILFRACOMBE,46,74
ILFRACOMBE,47,62
ILFRACOMBE,48,45
ILFRACOMBE,49,50
ILFRACOMBE,5,82
ILFRACOMBE,50,61
ILFRACOMBE,51,47
ILFRACOMBE,52,59
ILFRACOMBE,53,41
ILFRACOMBE,54,41
ILFRACOMBE,55,28
ILFRACOMBE,56,53
ILFRACOMBE,57,49
ILFRACOMBE,58,52
ILFRACOMBE,59,64
ILFRACOMBE,6,78
ILFRACOMBE,60,50
ILFRACOMBE,61,46
ILFRACOMBE,62,56
ILFRACOMBE,63,56
ILFRACOMBE,64,50
ILFRACOMBE,65,55
ILFRACOMBE,66,48
ILFRACOMBE,67,56
ILFRACOMBE,68,60
ILFRACOMBE,69,54
ILFRACOMBE,7,101
ILFRACOMBE,70,36
ILFRACOMBE,71,39
ILFRACOMBE,72,45
ILFRACOMBE,73,25
ILFRACOMBE,74,22
ILFRACOMBE,75,17
ILFRACOMBE,76,23
ILFRACOMBE,77,20
ILFRACOMBE,78,21
ILFRACOMBE,79,14
ILFRACOMBE,8,97
ILFRACOMBE,80,17
ILFRACOMBE,81,16
ILFRACOMBE,82,8
ILFRACOMBE,83,8
ILFRACOMBE,84,7
ILFRACOMBE,85,4
ILFRACOMBE,86,12
ILFRACOMBE,87,12
ILFRACOMBE,88,5
ILFRACOMBE,89,5
ILFRACOMBE,9,107
ILFRACOMBE,90,6
ILFRACOMBE,91,10
ILFRACOMBE,92,5
ILFRACOMBE,93,2
ILFRACOMBE,94,1
ILFRACOMBE,95,2
ILFRACOMBE,96,2
ILFRACOMBE,97,3
ILFRACOMBE,98,1
ILFRACOMBE,99,1
IVYBRIDGE,,665
IVYBRIDGE,0,9
IVYBRIDGE,1,45
IVYBRIDGE,10,252
IVYBRIDGE,100,1
IVYBRIDGE,11,217
IVYBRIDGE,112,1
IVYBRIDGE,114,2
IVYBRIDGE,115,1
IVYBRIDGE,116,4
IVYBRIDGE,12,203
IVYBRIDGE,13,215
IVYBRIDGE,14,199
IVYBRIDGE,15,167
IVYBRIDGE,16,162
IVYBRIDGE,17,164
IVYBRIDGE,18,159
IVYBRIDGE,19,149
IVYBRIDGE,2,80
IVYBRIDGE,20,131
IVYBRIDGE,21,128
IVYBRIDGE,22,100
IVYBRIDGE,23,110
IVYBRIDGE,24,110
IVYBRIDGE,25,85
IVYBRIDGE,26,105
IVYBRIDGE,27,92
IVYBRIDGE,28,124
IVYBRIDGE,29,86
IVYBRIDGE,3,98
IVYBRIDGE,30,84
IVYBRIDGE,31,114
IVYBRIDGE,32,95
IVYBRIDGE,33,106
IVYBRIDGE,34,113
IVYBRIDGE,35,116
IVYBRIDGE,36,125
IVYBRIDGE,37,112
IVYBRIDGE,38,117
IVYBRIDGE,39,127
IVYBRIDGE,4,141
IVYBRIDGE,40,129
IVYBRIDGE,41,123
IVYBRIDGE,42,143
IVYBRIDGE,43,123
IVYBRIDGE,44,147
IVYBRIDGE,45,165
IVYBRIDGE,46,151
IVYBRIDGE,47,123
IVYBRIDGE,48,151
IVYBRIDGE,49,134
IVYBRIDGE,5,158
IVYBRIDGE,50,144
IVYBRIDGE,51,126
IVYBRIDGE,52,136
IVYBRIDGE,53,91
IVYBRIDGE,54,105
IVYBRIDGE,55,101
IVYBRIDGE,56,111
IVYBRIDGE,57,114
IVYBRIDGE,58,102
IVYBRIDGE,59,90
IVYBRIDGE,6,178
IVYBRIDGE,60,114
IVYBRIDGE,61,89
IVYBRIDGE,62,89
IVYBRIDGE,63,94
IVYBRIDGE,64,88
IVYBRIDGE,65,116
IVYBRIDGE,66,115
IVYBRIDGE,67,112
IVYBRIDGE,68,102
IVYBRIDGE,69,124
IVYBRIDGE,7,215
IVYBRIDGE,70,104
IVYBRIDGE,71,87
IVYBRIDGE,72,84
IVYBRIDGE,73,79
IVYBRIDGE,74,66
IVYBRIDGE,75,57
IVYBRIDGE,76,38
IVYBRIDGE,77,60
IVYBRIDGE,78,40
IVYBRIDGE,79,42
IVYBRIDGE,8,216
IVYBRIDGE,80,45
IVYBRIDGE,81,27
IVYBRIDGE,82,30
IVYBRIDGE,83,25
IVYBRIDGE,84,23
IVYBRIDGE,85,33
IVYBRIDGE,86,14
IVYBRIDGE,87,17
IVYBRIDGE,88,8
IVYBRIDGE,89,13
IVYBRIDGE,9,227
IVYBRIDGE,90,10
IVYBRIDGE,91,8
IVYBRIDGE,92,10
IVYBRIDGE,93,4
IVYBRIDGE,94,8
IVYBRIDGE,95,6
IVYBRIDGE,96,3
IVYBRIDGE,98,1
KINGSBRIDGE,,666
KINGSBRIDGE,0,8
KINGSBRIDGE,1,32
KINGSBRIDGE,10,113
KINGSBRIDGE,100,2
KINGSBRIDGE,104,1
KINGSBRIDGE,106,1
KINGSBRIDGE,11,120
KINGSBRIDGE,112,2
KINGSBRIDGE,116,2
KINGSBRIDGE,12,111
KINGSBRIDGE,13,104
KINGSBRIDGE,14,99
KINGSBRIDGE,15,82
KINGSBRIDGE,16,75
KINGSBRIDGE,17,54
KINGSBRIDGE,18,71
KINGSBRIDGE,19,54
KINGSBRIDGE,2,54
KINGSBRIDGE,20,54
KINGSBRIDGE,21,47
KINGSBRIDGE,22,46
KINGSBRIDGE,23,66
KINGSBRIDGE,24,66
KINGSBRIDGE,25,60
KINGSBRIDGE,26,72
KINGSBRIDGE,27,62
KINGSBRIDGE,28,100
KINGSBRIDGE,29,59
KINGSBRIDGE,3,73
KINGSBRIDGE,30,63
KINGSBRIDGE,31,65
KINGSBRIDGE,32,73
KINGSBRIDGE,33,70
KINGSBRIDGE,34,64
KINGSBRIDGE,35,62
KINGSBRIDGE,36,101
KINGSBRIDGE,37,66
KINGSBRIDGE,38,57
KINGSBRIDGE,39,75
KINGSBRIDGE,4,99
KINGSBRIDGE,40,77
KINGSBRIDGE,41,64
KINGSBRIDGE,42,67
KINGSBRIDGE,43,73
KINGSBRIDGE,44,77
KINGSBRIDGE,45,85
KINGSBRIDGE,46,76
KINGSBRIDGE,47,98
KINGSBRIDGE,48,73
KINGSBRIDGE,49,79
KINGSBRIDGE,5,102
KINGSBRIDGE,50,62
KINGSBRIDGE,51,60
KINGSBRIDGE,52,72
KINGSBRIDGE,53,64
KINGSBRIDGE,54,69
KINGSBRIDGE,55,54
KINGSBRIDGE,56,96
KINGSBRIDGE,57,66
KINGSBRIDGE,58,89
KINGSBRIDGE,59,70
KINGSBRIDGE,6,120
KINGSBRIDGE,60,64
KINGSBRIDGE,61,75
KINGSBRIDGE,62,65
KINGSBRIDGE,63,84
KINGSBRIDGE,64,95
KINGSBRIDGE,65,85
KINGSBRIDGE,66,93
KINGSBRIDGE,67,87
KINGSBRIDGE,68,77
KINGSBRIDGE,69,127
KINGSBRIDGE,7,125
KINGSBRIDGE,70,111
KINGSBRIDGE,71,86
KINGSBRIDGE,72,95
KINGSBRIDGE,73,71
KINGSBRIDGE,74,72
KINGSBRIDGE,75,63
KINGSBRIDGE,76,55
KINGSBRIDGE,77,46
KINGSBRIDGE,78,67
KINGSBRIDGE,79,35
KINGSBRIDGE,8,103
KINGSBRIDGE,80,48
KINGSBRIDGE,81,46
KINGSBRIDGE,82,37
KINGSBRIDGE,83,33
KINGSBRIDGE,84,36
KINGSBRIDGE,85,32
KINGSBRIDGE,86,25
KINGSBRIDGE,87,24
KINGSBRIDGE,88,21
KINGSBRIDGE,89,20
KINGSBRIDGE,9,120
KINGSBRIDGE,90,14
KINGSBRIDGE,91,16
KINGSBRIDGE,92,11
KINGSBRIDGE,93,6
KINGSBRIDGE,94,7
KINGSBRIDGE,95,5
KINGSBRIDGE,96,8
KINGSBRIDGE,97,3
KINGSBRIDGE,98,3
KINGSBRIDGE,99,3
KINGSKERSWELL,,104
KINGSKERSWELL,0,3
KINGSKERSWELL,1,4
KINGSKERSWELL,10,24
KINGSKERSWELL,101,1
KINGSKERSWELL,11,31
KINGSKERSWELL,116,1
KINGSKERSWELL,12,35
KINGSKERSWELL,13,16
KINGSKERSWELL,14,23
KINGSKERSWELL,15,23
KINGSKERSWELL,16,8
KINGSKERSWELL,17,11
KINGSKERSWELL,18,14
KINGSKERSWELL,19,4
KINGSKERSWELL,2,3
KINGSKERSWELL,20,10
KINGSKERSWELL,21,10
KINGSKERSWELL,22,10
KINGSKERSWELL,23,3
KINGSKERSWELL,24,8
KINGSKERSWELL,25,4
KINGSKERSWELL,26,8
KINGSKERSWELL,27,6
KINGSKERSWELL,28,13
KINGSKERSWELL,29,10
KINGSKERSWELL,3,13
KINGSKERSWELL,30,8
KINGSKERSWELL,31,12
KINGSKERSWELL,32,7
KINGSKERSWELL,33,10
KINGSKERSWELL,34,8
KINGSKERSWELL,35,9
KINGSKERSWELL,36,10
KINGSKERSWELL,37,6
KINGSKERSWELL,38,13
KINGSKERSWELL,39,7
KINGSKERSWELL,4,18
KINGSKERSWELL,40,3
KINGSKERSWELL,41,5
KINGSKERSWELL,42,14
KINGSKERSWELL,43,16
KINGSKERSWELL,44,4
KINGSKERSWELL,45,12
KINGSKERSWELL,46,8
KINGSKERSWELL,47,6
KINGSKERSWELL,48,12
KINGSKERSWELL,49,5
KINGSKERSWELL,5,20
KINGSKERSWELL,50,13
KINGSKERSWELL,51,5
KINGSKERSWELL,52,7
KINGSKERSWELL,53,8
KINGSKERSWELL,54,5
KINGSKERSWELL,55,6
KINGSKERSWELL,56,7
KINGSKERSWELL,57,3
KINGSKERSWELL,58,4
KINGSKERSWELL,59,5
KINGSKERSWELL,6,18
KINGSKERSWELL,60,7
KINGSKERSWELL,61,4
KINGSKERSWELL,62,7
KINGSKERSWELL,63,11
KINGSKERSWELL,64,10
KINGSKERSWELL,65,9
KINGSKERSWELL,66,6
KINGSKERSWELL,67,13
KINGSKERSWELL,68,11
KINGSKERSWELL,69,15
KINGSKERSWELL,7,31
KINGSKERSWELL,70,9
KINGSKERSWELL,71,11
KINGSKERSWELL,72,10
KINGSKERSWELL,73,10
KINGSKERSWELL,74,11
KINGSKERSWELL,75,4
KINGSKERSWELL,76,2
KINGSKERSWELL,77,5
KINGSKERSWELL,78,7
KINGSKERSWELL,79,7
KINGSKERSWELL,8,26
KINGSKERSWELL,80,9
KINGSKERSWELL,81,6
KINGSKERSWELL,82,3
KINGSKERSWELL,83,4
KINGSKERSWELL,84,3
KINGSKERSWELL,85,2
KINGSKERSWELL,86,5
KINGSKERSWELL,87,1
KINGSKERSWELL,88,1
KINGSKERSWELL,9,31
KINGSKERSWELL,90,1
KINGSKERSWELL,91,2
KINGSKERSWELL,92,2
KINGSKERSWELL,95,2
KINGSKERSWELL,96,2
KINGSKERSWELL,97,1
KINGSTEIGNTON,,166
KINGSTEIGNTON,0,4
KINGSTEIGNTON,1,8
KINGSTEIGNTON,10,71
KINGSTEIGNTON,106,1
KINGSTEIGNTON,11,66
KINGSTEIGNTON,116,1
KINGSTEIGNTON,12,69
KINGSTEIGNTON,13,46
KINGSTEIGNTON,14,37
KINGSTEIGNTON,15,39
KINGSTEIGNTON,16,25
KINGSTEIGNTON,17,24
KINGSTEIGNTON,18,27
KINGSTEIGNTON,19,23
KINGSTEIGNTON,2,16
KINGSTEIGNTON,20,24
KINGSTEIGNTON,21,17
KINGSTEIGNTON,22,8
KINGSTEIGNTON,23,18
KINGSTEIGNTON,24,11
KINGSTEIGNTON,25,17
KINGSTEIGNTON,26,13
KINGSTEIGNTON,27,13
KINGSTEIGNTON,28,19
KINGSTEIGNTON,29,23
KINGSTEIGNTON,3,44
KINGSTEIGNTON,30,22
KINGSTEIGNTON,31,17
KINGSTEIGNTON,32,16
KINGSTEIGNTON,33,19
KINGSTEIGNTON,34,28
KINGSTEIGNTON,35,24
KINGSTEIGNTON,36,20
KINGSTEIGNTON,37,29
KINGSTEIGNTON,38,19
KINGSTEIGNTON,39,28
KINGSTEIGNTON,4,43
KINGSTEIGNTON,40,26
KINGSTEIGNTON,41,24
KINGSTEIGNTON,42,22
KINGSTEIGNTON,43,18
KINGSTEIGNTON,44,30
KINGSTEIGNTON,45,22
KINGSTEIGNTON,46,22
KINGSTEIGNTON,47,20
KINGSTEIGNTON,48,21
KINGSTEIGNTON,49,17
KINGSTEIGNTON,5,53
KINGSTEIGNTON,50,19
KINGSTEIGNTON,51,15
KINGSTEIGNTON,52,15
KINGSTEIGNTON,53,17
KINGSTEIGNTON,54,22
KINGSTEIGNTON,55,19
KINGSTEIGNTON,56,14
KINGSTEIGNTON,57,14
KINGSTEIGNTON,58,8
KINGSTEIGNTON,59,9
KINGSTEIGNTON,6,67
KINGSTEIGNTON,60,14
KINGSTEIGNTON,61,17
KINGSTEIGNTON,62,13
KINGSTEIGNTON,63,10
KINGSTEIGNTON,64,13
KINGSTEIGNTON,65,17
KINGSTEIGNTON,66,23
KINGSTEIGNTON,67,24
KINGSTEIGNTON,68,28
KINGSTEIGNTON,69,33
KINGSTEIGNTON,7,76
KINGSTEIGNTON,70,26
KINGSTEIGNTON,71,24
KINGSTEIGNTON,72,18
KINGSTEIGNTON,73,17
KINGSTEIGNTON,74,22
KINGSTEIGNTON,75,14
KINGSTEIGNTON,76,16
KINGSTEIGNTON,77,14
KINGSTEIGNTON,78,11
KINGSTEIGNTON,79,7
KINGSTEIGNTON,8,61
KINGSTEIGNTON,80,12
KINGSTEIGNTON,81,9
KINGSTEIGNTON,82,7
KINGSTEIGNTON,83,9
KINGSTEIGNTON,84,5
KINGSTEIGNTON,85,5
KINGSTEIGNTON,86,10
KINGSTEIGNTON,87,2
KINGSTEIGNTON,88,2
KINGSTEIGNTON,89,2
KINGSTEIGNTON,9,70
KINGSTEIGNTON,90,2
KINGSTEIGNTON,92,4
KINGSTEIGNTON,93,2
LYNTON,,66
LYNTON,10,15
LYNTON,11,11
LYNTON,12,6
LYNTON,13,15
LYNTON,14,15
LYNTON,15,6
LYNTON,16,8
LYNTON,17,10
LYNTON,18,14
LYNTON,19,7
LYNTON,2,4
LYNTON,20,5
LYNTON,21,8
LYNTON,22,3
LYNTON,23,4
LYNTON,24,3
LYNTON,25,6
LYNTON,26,4
LYNTON,27,11
LYNTON,28,9
LYNTON,29,8
LYNTON,3,4
LYNTON,30,1
LYNTON,31,4
LYNTON,32,3
LYNTON,33,4
LYNTON,34,7
LYNTON,35,6
LYNTON,36,5
LYNTON,37,12
LYNTON,38,5
LYNTON,39,4
LYNTON,4,5
LYNTON,40,3
LYNTON,41,7
LYNTON,42,4
LYNTON,43,8
LYNTON,44,3
LYNTON,45,4
LYNTON,46,5
LYNTON,47,2
LYNTON,48,7
LYNTON,49,1
LYNTON,5,6
LYNTON,50,5
LYNTON,51,2
LYNTON,52,9
LYNTON,53,5
LYNTON,54,2
LYNTON,55,5
LYNTON,56,8
LYNTON,57,6
LYNTON,58,4
LYNTON,59,2
LYNTON,6,9
LYNTON,60,10
LYNTON,61,7
LYNTON,62,11
LYNTON,63,8
LYNTON,64,8
LYNTON,65,10
LYNTON,66,11
LYNTON,67,9
LYNTON,68,18
LYNTON,69,12
LYNTON,7,8
LYNTON,70,8
LYNTON,71,10
LYNTON,72,7
LYNTON,73,4
LYNTON,74,2
LYNTON,75,2
LYNTON,76,5
LYNTON,78,1
LYNTON,79,5
LYNTON,8,8
LYNTON,80,2
LYNTON,82,1
LYNTON,85,2
LYNTON,86,1
LYNTON,87,2
LYNTON,88,1
LYNTON,9,9
LYNTON,91,1
LYNTON,98,1
LoGICaL,,12
LoGICaL,116,5
LoGICaL,43,1
LoGICaL,59,2
LoGICaL,66,1
MORETONHAMPSTEAD,,94
MORETONHAMPSTEAD,1,4
MORETONHAMPSTEAD,10,17
MORETONHAMPSTEAD,100,1
MORETONHAMPSTEAD,11,21
MORETONHAMPSTEAD,116,1
MORETONHAMPSTEAD,12,14
MORETONHAMPSTEAD,13,22
MORETONHAMPSTEAD,14,16
MORETONHAMPSTEAD,15,9
MORETONHAMPSTEAD,16,8
MORETONHAMPSTEAD,17,6
MORETONHAMPSTEAD,18,6
MORETONHAMPSTEAD,19,5
MORETONHAMPSTEAD,2,10
MORETONHAMPSTEAD,20,7
MORETONHAMPSTEAD,21,4
MORETONHAMPSTEAD,22,4
MORETONHAMPSTEAD,23,2
MORETONHAMPSTEAD,24,3
MORETONHAMPSTEAD,25,3
MORETONHAMPSTEAD,26,7
MORETONHAMPSTEAD,27,1
MORETONHAMPSTEAD,28,3
MORETONHAMPSTEAD,29,4
MORETONHAMPSTEAD,3,13
MORETONHAMPSTEAD,30,3
MORETONHAMPSTEAD,31,5
MORETONHAMPSTEAD,32,4
MORETONHAMPSTEAD,33,3
MORETONHAMPSTEAD,34,4
MORETONHAMPSTEAD,35,6
MORETONHAMPSTEAD,36,6
MORETONHAMPSTEAD,37,12
MORETONHAMPSTEAD,38,7
MORETONHAMPSTEAD,39,6
MORETONHAMPSTEAD,4,9
MORETONHAMPSTEAD,40,5
MORETONHAMPSTEAD,41,10
MORETONHAMPSTEAD,42,8
MORETONHAMPSTEAD,43,8
MORETONHAMPSTEAD,44,9
MORETONHAMPSTEAD,45,9
MORETONHAMPSTEAD,46,6
MORETONHAMPSTEAD,47,8
MORETONHAMPSTEAD,48,4
MORETONHAMPSTEAD,49,6
MORETONHAMPSTEAD,5,18
MORETONHAMPSTEAD,50,3
MORETONHAMPSTEAD,51,5
MORETONHAMPSTEAD,52,7
MORETONHAMPSTEAD,53,3
MORETONHAMPSTEAD,54,4
MORETONHAMPSTEAD,55,5
MORETONHAMPSTEAD,56,13
MORETONHAMPSTEAD,57,8
MORETONHAMPSTEAD,58,4
MORETONHAMPSTEAD,59,6
MORETONHAMPSTEAD,6,15
MORETONHAMPSTEAD,60,8
MORETONHAMPSTEAD,61,9
MORETONHAMPSTEAD,62,2
MORETONHAMPSTEAD,63,10
MORETONHAMPSTEAD,64,6
MORETONHAMPSTEAD,65,8
MORETONHAMPSTEAD,66,5
MORETONHAMPSTEAD,67,9
MORETONHAMPSTEAD,68,7
MORETONHAMPSTEAD,69,13
MORETONHAMPSTEAD,7,18
MORETONHAMPSTEAD,70,11
MORETONHAMPSTEAD,71,9
MORETONHAMPSTEAD,72,5
MORETONHAMPSTEAD,73,10
MORETONHAMPSTEAD,74,5
MORETONHAMPSTEAD,75,1
MORETONHAMPSTEAD,76,3
MORETONHAMPSTEAD,77,6
MORETONHAMPSTEAD,78,6
MORETONHAMPSTEAD,79,2
MORETONHAMPSTEAD,8,16
MORETONHAMPSTEAD,80,1
MORETONHAMPSTEAD,81,4
MORETONHAMPSTEAD,82,5
MORETONHAMPSTEAD,83,5
MORETONHAMPSTEAD,84,2
MORETONHAMPSTEAD,86,2
MORETONHAMPSTEAD,87,2
MORETONHAMPSTEAD,88,1
MORETONHAMPSTEAD,89,1
MORETONHAMPSTEAD,9,17
MORETONHAMPSTEAD,90,2
MORETONHAMPSTEAD,91,1
MORETONHAMPSTEAD,92,3
MORETONHAMPSTEAD,93,1
MORETONHAMPSTEAD,96,1
NEWTON ABBOT,,1174
NEWTON ABBOT,0,31
NEWTON ABBOT,1,73
NEWTON ABBOT,10,308
NEWTON ABBOT,100,1
NEWTON ABBOT,101,2
NEWTON ABBOT,105,1
NEWTON ABBOT,11,327
NEWTON ABBOT,112,2
NEWTON ABBOT,113,4
NEWTON ABBOT,114,1
NEWTON ABBOT,115,3
NEWTON ABBOT,116,5
NEWTON ABBOT,12,275
NEWTON ABBOT,13,270
NEWTON ABBOT,14,197
NEWTON ABBOT,15,223
NEWTON ABBOT,16,174
NEWTON ABBOT,17,184
NEWTON ABBOT,18,192
NEWTON ABBOT,19,226
NEWTON ABBOT,2,116
NEWTON ABBOT,20,167
NEWTON ABBOT,21,193
NEWTON ABBOT,22,211
NEWTON ABBOT,23,167
NEWTON ABBOT,24,187
NEWTON ABBOT,25,246
NEWTON ABBOT,26,206
NEWTON ABBOT,27,224
NEWTON ABBOT,28,200
NEWTON ABBOT,29,218
NEWTON ABBOT,3,183
NEWTON ABBOT,30,195
NEWTON ABBOT,31,220
NEWTON ABBOT,32,203
NEWTON ABBOT,33,206
NEWTON ABBOT,34,193
NEWTON ABBOT,35,203
NEWTON ABBOT,36,195
NEWTON ABBOT,37,212
NEWTON ABBOT,38,187
NEWTON ABBOT,39,165
NEWTON ABBOT,4,223
NEWTON ABBOT,40,177
NEWTON ABBOT,41,154
NEWTON ABBOT,42,171
NEWTON ABBOT,43,160
NEWTON ABBOT,44,179
NEWTON ABBOT,45,180
NEWTON ABBOT,46,152
NEWTON ABBOT,47,148
NEWTON ABBOT,48,192
NEWTON ABBOT,49,183
NEWTON ABBOT,5,255
NEWTON ABBOT,50,155
NEWTON ABBOT,51,158
NEWTON ABBOT,52,145
NEWTON ABBOT,53,154
NEWTON ABBOT,54,145
NEWTON ABBOT,55,139
NEWTON ABBOT,56,149
NEWTON ABBOT,57,119
NEWTON ABBOT,58,138
NEWTON ABBOT,59,133
NEWTON ABBOT,6,296
NEWTON ABBOT,60,153
NEWTON ABBOT,61,150
NEWTON ABBOT,62,145
NEWTON ABBOT,63,136
NEWTON ABBOT,64,149
NEWTON ABBOT,65,130
NEWTON ABBOT,66,171
NEWTON ABBOT,67,153
NEWTON ABBOT,68,147
NEWTON ABBOT,69,184
NEWTON ABBOT,7,306
NEWTON ABBOT,70,162
NEWTON ABBOT,71,125
NEWTON ABBOT,72,131
NEWTON ABBOT,73,107
NEWTON ABBOT,74,94
NEWTON ABBOT,75,86
NEWTON ABBOT,76,87
NEWTON ABBOT,77,67
NEWTON ABBOT,78,73
NEWTON ABBOT,79,52
NEWTON ABBOT,8,314
NEWTON ABBOT,80,55
NEWTON ABBOT,81,62
NEWTON ABBOT,82,44
NEWTON ABBOT,83,49
NEWTON ABBOT,84,34
NEWTON ABBOT,85,44
NEWTON ABBOT,86,36
NEWTON ABBOT,87,24
NEWTON ABBOT,88,20
NEWTON ABBOT,89,18
NEWTON ABBOT,9,333
NEWTON ABBOT,90,15
NEWTON ABBOT,91,11
NEWTON ABBOT,92,13
NEWTON ABBOT,93,16
NEWTON ABBOT,94,6
NEWTON ABBOT,95,4
NEWTON ABBOT,96,3
NEWTON ABBOT,97,2
NEWTON ABBOT,98,3
NEWTON ABBOT,99,1
NORTHAM,,254
NORTHAM,0,5
NORTHAM,1,10
NORTHAM,10,51
NORTHAM,11,44
NORTHAM,115,1
NORTHAM,12,39
NORTHAM,13,46
NORTHAM,14,29
NORTHAM,15,24
NORTHAM,16,24
NORTHAM,17,19
NORTHAM,18,18
NORTHAM,19,26
NORTHAM,2,20
NORTHAM,20,25
NORTHAM,21,13
NORTHAM,22,11
NORTHAM,23,13
NORTHAM,24,11
NORTHAM,25,15
NORTHAM,26,13
NORTHAM,27,14
NORTHAM,28,29
NORTHAM,29,13
NORTHAM,3,33
NORTHAM,30,17
NORTHAM,31,19
NORTHAM,32,18
NORTHAM,33,22
NORTHAM,34,10
NORTHAM,35,20
NORTHAM,36,18
NORTHAM,37,14
NORTHAM,38,22
NORTHAM,39,23
NORTHAM,4,46
NORTHAM,40,23
NORTHAM,41,17
NORTHAM,42,19
NORTHAM,43,15
NORTHAM,44,13
NORTHAM,45,27
NORTHAM,46,18
NORTHAM,47,15
NORTHAM,48,11
NORTHAM,49,18
NORTHAM,5,57
NORTHAM,50,18
NORTHAM,51,11
NORTHAM,52,9
NORTHAM,53,19
NORTHAM,54,26
NORTHAM,55,12
NORTHAM,56,21
NORTHAM,57,14
NORTHAM,58,17
NORTHAM,59,12
NORTHAM,6,46
NORTHAM,60,18
NORTHAM,61,18
NORTHAM,62,19
NORTHAM,63,26
NORTHAM,64,25
NORTHAM,65,27
NORTHAM,66,28
NORTHAM,67,35
NORTHAM,68,20
NORTHAM,69,37
NORTHAM,7,40
NORTHAM,70,35
NORTHAM,71,27
NORTHAM,72,29
NORTHAM,73,26
NORTHAM,74,22
NORTHAM,75,15
NORTHAM,76,14
NORTHAM,77,8
NORTHAM,78,12
NORTHAM,79,16
NORTHAM,8,46
NORTHAM,80,10
NORTHAM,81,8
NORTHAM,82,9
NORTHAM,83,12
NORTHAM,84,13
NORTHAM,85,13
NORTHAM,86,9
NORTHAM,87,7
NORTHAM,88,7
NORTHAM,89,4
NORTHAM,9,52
NORTHAM,90,5
NORTHAM,91,5
NORTHAM,94,3
NORTHAM,96,1
NORTHAM,98,1
OKEHAMPTON,,561
OKEHAMPTON,0,18
OKEHAMPTON,1,52
OKEHAMPTON,10,133
OKEHAMPTON,11,151
OKEHAMPTON,116,1
OKEHAMPTON,12,148
OKEHAMPTON,13,124
OKEHAMPTON,14,118
OKEHAMPTON,15,110
OKEHAMPTON,16,89
OKEHAMPTON,17,63
OKEHAMPTON,18,80
OKEHAMPTON,19,69
OKEHAMPTON,2,81
OKEHAMPTON,20,61
OKEHAMPTON,21,62
OKEHAMPTON,22,63
OKEHAMPTON,23,64
OKEHAMPTON,24,83
OKEHAMPTON,25,84
OKEHAMPTON,26,66
OKEHAMPTON,27,76
OKEHAMPTON,28,100
OKEHAMPTON,29,74
OKEHAMPTON,3,98
OKEHAMPTON,30,57
OKEHAMPTON,31,88
OKEHAMPTON,32,81
OKEHAMPTON,33,102
OKEHAMPTON,34,89
OKEHAMPTON,35,90
OKEHAMPTON,36,125
OKEHAMPTON,37,101
OKEHAMPTON,38,72
OKEHAMPTON,39,108
OKEHAMPTON,4,142
OKEHAMPTON,40,82
OKEHAMPTON,41,75
OKEHAMPTON,42,81
OKEHAMPTON,43,84
OKEHAMPTON,44,92
OKEHAMPTON,45,82
OKEHAMPTON,46,68
OKEHAMPTON,47,65
OKEHAMPTON,48,85
OKEHAMPTON,49,85
OKEHAMPTON,5,144
OKEHAMPTON,50,68
OKEHAMPTON,51,73
OKEHAMPTON,52,61
OKEHAMPTON,53,77
OKEHAMPTON,54,57
OKEHAMPTON,55,66
OKEHAMPTON,56,66
OKEHAMPTON,57,69
OKEHAMPTON,58,61
OKEHAMPTON,59,65
OKEHAMPTON,6,143
OKEHAMPTON,60,64
OKEHAMPTON,61,63
OKEHAMPTON,62,57
OKEHAMPTON,63,61
OKEHAMPTON,64,82
OKEHAMPTON,65,56
OKEHAMPTON,66,49
OKEHAMPTON,67,78
OKEHAMPTON,68,65
OKEHAMPTON,69,88
OKEHAMPTON,7,160
OKEHAMPTON,70,80
OKEHAMPTON,71,47
OKEHAMPTON,72,56
OKEHAMPTON,73,65
OKEHAMPTON,74,46
OKEHAMPTON,75,41
OKEHAMPTON,76,33
OKEHAMPTON,77,34
OKEHAMPTON,78,26
OKEHAMPTON,79,25
OKEHAMPTON,8,155
OKEHAMPTON,80,21
OKEHAMPTON,81,25
OKEHAMPTON,82,30
OKEHAMPTON,83,16
OKEHAMPTON,84,18
OKEHAMPTON,85,17
OKEHAMPTON,86,17
OKEHAMPTON,87,5
OKEHAMPTON,88,6
OKEHAMPTON,89,5
OKEHAMPTON,9,167
OKEHAMPTON,90,9
OKEHAMPTON,91,3
OKEHAMPTON,92,5
OKEHAMPTON,93,3
OKEHAMPTON,94,1
OKEHAMPTON,95,1
OKEHAMPTON,96,1
OTTERY ST MARY,,289
OTTERY ST MARY,0,3
OTTERY ST MARY,1,8
OTTERY ST MARY,10,60
OTTERY ST MARY,106,1
OTTERY ST MARY,11,62
OTTERY ST MARY,12,69
OTTERY ST MARY,13,55
OTTERY ST MARY,14,57
OTTERY ST MARY,15,56
OTTERY ST MARY,16,59
OTTERY ST MARY,17,30
OTTERY ST MARY,18,35
OTTERY ST MARY,19,38
OTTERY ST MARY,2,22
OTTERY ST MARY,20,32
OTTERY ST MARY,21,18
OTTERY ST MARY,22,26
OTTERY ST MARY,23,10
OTTERY ST MARY,24,15
OTTERY ST MARY,25,12
OTTERY ST MARY,26,13
OTTERY ST MARY,27,10
OTTERY ST MARY,28,17
OTTERY ST MARY,29,13
OTTERY ST MARY,3,31
OTTERY ST MARY,30,13
OTTERY ST MARY,31,12
OTTERY ST MARY,32,9
OTTERY ST MARY,33,9
OTTERY ST MARY,34,15
OTTERY ST MARY,35,20
OTTERY ST MARY,36,18
OTTERY ST MARY,37,24
OTTERY ST MARY,38,26
OTTERY ST MARY,39,20
OTTERY ST MARY,4,37
OTTERY ST MARY,40,24
OTTERY ST MARY,41,29
OTTERY ST MARY,42,41
OTTERY ST MARY,43,32
OTTERY ST MARY,44,34
OTTERY ST MARY,45,33
OTTERY ST MARY,46,22
OTTERY ST MARY,47,40
OTTERY ST MARY,48,33
OTTERY ST MARY,49,28
OTTERY ST MARY,5,55
OTTERY ST MARY,50,22
OTTERY ST MARY,51,20
OTTERY ST MARY,52,21
OTTERY ST MARY,53,23
OTTERY ST MARY,54,24
OTTERY ST MARY,55,16
OTTERY ST MARY,56,23
OTTERY ST MARY,57,27
OTTERY ST MARY,58,22
OTTERY ST MARY,59,15
OTTERY ST MARY,6,59
OTTERY ST MARY,60,18
OTTERY ST MARY,61,20
OTTERY ST MARY,62,20
OTTERY ST MARY,63,27
OTTERY ST MARY,64,16
OTTERY ST MARY,65,17
OTTERY ST MARY,66,28
OTTERY ST MARY,67,33
OTTERY ST MARY,68,29
OTTERY ST MARY,69,42
OTTERY ST MARY,7,52
OTTERY ST MARY,70,26
OTTERY ST MARY,71,17
OTTERY ST MARY,72,27
OTTERY ST MARY,73,19
OTTERY ST MARY,74,18
OTTERY ST MARY,75,11
OTTERY ST MARY,76,16
OTTERY ST MARY,77,9
OTTERY ST MARY,78,9
OTTERY ST MARY,79,8
OTTERY ST MARY,8,80
OTTERY ST MARY,80,12
OTTERY ST MARY,81,11
OTTERY ST MARY,82,6
OTTERY ST MARY,83,7
OTTERY ST MARY,84,4
OTTERY ST MARY,85,7
OTTERY ST MARY,86,7
OTTERY ST MARY,87,8
OTTERY ST MARY,88,4
OTTERY ST MARY,89,1
OTTERY ST MARY,9,87
OTTERY ST MARY,90,2
OTTERY ST MARY,91,1
OTTERY ST MARY,92,2
OTTERY ST MARY,94,2
OTTERY ST MARY,97,1
OTTERY ST MARY,99,1
PINHOE,,106
PINHOE,0,7
PINHOE,1,11
PINHOE,10,33
PINHOE,11,37
PINHOE,116,1
PINHOE,12,35
PINHOE,13,35
PINHOE,14,22
PINHOE,15,29
PINHOE,16,25
PINHOE,17,13
PINHOE,18,22
PINHOE,19,10
PINHOE,2,14
PINHOE,20,7
PINHOE,21,11
PINHOE,22,6
PINHOE,23,3
PINHOE,24,2
PINHOE,25,6
PINHOE,26,8
PINHOE,27,8
PINHOE,28,16
PINHOE,29,7
PINHOE,3,22
PINHOE,30,12
PINHOE,31,22
PINHOE,32,14
PINHOE,33,11
PINHOE,34,11
PINHOE,35,10
PINHOE,36,15
PINHOE,37,24
PINHOE,38,14
PINHOE,39,13
PINHOE,4,28
PINHOE,40,15
PINHOE,41,16
PINHOE,42,18
PINHOE,43,19
PINHOE,44,15
PINHOE,45,20
PINHOE,46,12
PINHOE,47,12
PINHOE,48,10
PINHOE,49,16
PINHOE,5,41
PINHOE,50,7
PINHOE,51,6
PINHOE,52,14
PINHOE,53,6
PINHOE,54,9
PINHOE,55,15
PINHOE,56,3
PINHOE,57,7
PINHOE,58,5
PINHOE,59,8
PINHOE,6,29
PINHOE,60,7
PINHOE,61,14
PINHOE,62,14
PINHOE,63,5
PINHOE,64,10
PINHOE,65,10
PINHOE,66,10
PINHOE,67,9
PINHOE,68,5
PINHOE,69,8
PINHOE,7,34
PINHOE,70,14
PINHOE,71,12
PINHOE,72,13
PINHOE,73,2
PINHOE,74,4
PINHOE,75,10
PINHOE,76,7
PINHOE,77,6
PINHOE,78,15
PINHOE,79,9
PINHOE,8,41
PINHOE,80,8
PINHOE,81,5
PINHOE,82,9
PINHOE,83,5
PINHOE,84,5
PINHOE,85,8
PINHOE,86,4
PINHOE,87,1
PINHOE,88,6
PINHOE,89,3
PINHOE,9,43
PINHOE,90,1
PINHOE,91,1
PINHOE,92,1
PINHOE,93,1
PINHOE,96,1
PRINCETOWN,,30
PRINCETOWN,10,14
PRINCETOWN,11,9
PRINCETOWN,115,1
PRINCETOWN,116,1
PRINCETOWN,12,14
PRINCETOWN,13,11
PRINCETOWN,14,12
PRINCETOWN,15,2
PRINCETOWN,16,11
PRINCETOWN,17,6
PRINCETOWN,18,8
PRINCETOWN,19,4
PRINCETOWN,2,3
PRINCETOWN,20,5
PRINCETOWN,21,2
PRINCETOWN,22,4
PRINCETOWN,25,2
PRINCETOWN,27,3
PRINCETOWN,28,5
PRINCETOWN,29,1
PRINCETOWN,3,3
PRINCETOWN,30,2
PRINCETOWN,31,3
PRINCETOWN,32,6
PRINCETOWN,33,3
PRINCETOWN,34,3
PRINCETOWN,35,4
PRINCETOWN,36,5
PRINCETOWN,37,2
PRINCETOWN,38,5
PRINCETOWN,39,9
PRINCETOWN,4,5
PRINCETOWN,40,5
PRINCETOWN,41,4
PRINCETOWN,42,7
PRINCETOWN,43,1
PRINCETOWN,44,6
PRINCETOWN,45,3
PRINCETOWN,46,5
PRINCETOWN,47,4
PRINCETOWN,48,3
PRINCETOWN,49,3
PRINCETOWN,5,10
PRINCETOWN,50,4
PRINCETOWN,51,2
PRINCETOWN,52,2
PRINCETOWN,53,4
PRINCETOWN,54,6
PRINCETOWN,55,5
PRINCETOWN,56,1
PRINCETOWN,57,1
PRINCETOWN,59,6
PRINCETOWN,6,10
PRINCETOWN,60,5
PRINCETOWN,61,3
PRINCETOWN,62,5
PRINCETOWN,63,5
PRINCETOWN,64,3
PRINCETOWN,65,3
PRINCETOWN,66,1
PRINCETOWN,67,4
PRINCETOWN,68,5
PRINCETOWN,69,2
PRINCETOWN,7,12
PRINCETOWN,71,1
PRINCETOWN,73,1
PRINCETOWN,74,2
PRINCETOWN,76,1
PRINCETOWN,77,1
PRINCETOWN,8,11
PRINCETOWN,86,1
PRINCETOWN,9,8
RAILWAY STUDIES COLLECTION,,8
REQUEST TEAM,,421
REQUEST TEAM,57,1
SALCOMBE,,54
SALCOMBE,1,1
SALCOMBE,10,5
SALCOMBE,11,6
SALCOMBE,12,8
SALCOMBE,13,6
SALCOMBE,14,5
SALCOMBE,15,2
SALCOMBE,16,6
SALCOMBE,17,7
SALCOMBE,18,5
SALCOMBE,19,1
SALCOMBE,2,2
SALCOMBE,20,4
SALCOMBE,21,2
SALCOMBE,22,2
SALCOMBE,23,1
SALCOMBE,25,5
SALCOMBE,26,4
SALCOMBE,28,5
SALCOMBE,29,2
SALCOMBE,3,2
SALCOMBE,30,3
SALCOMBE,32,2
SALCOMBE,33,3
SALCOMBE,34,4
SALCOMBE,35,3
SALCOMBE,36,5
SALCOMBE,37,3
SALCOMBE,38,5
SALCOMBE,39,4
SALCOMBE,4,5
SALCOMBE,40,5
SALCOMBE,41,5
SALCOMBE,42,4
SALCOMBE,43,6
SALCOMBE,44,10
SALCOMBE,45,3
SALCOMBE,46,6
SALCOMBE,47,4
SALCOMBE,48,2
SALCOMBE,49,7
SALCOMBE,5,4
SALCOMBE,50,3
SALCOMBE,51,3
SALCOMBE,52,6
SALCOMBE,53,6
SALCOMBE,54,7
SALCOMBE,55,4
SALCOMBE,56,9
SALCOMBE,57,2
SALCOMBE,58,4
SALCOMBE,59,6
SALCOMBE,6,7
SALCOMBE,60,11
SALCOMBE,61,3
SALCOMBE,62,4
SALCOMBE,63,8
SALCOMBE,64,4
SALCOMBE,65,6
SALCOMBE,66,7
SALCOMBE,67,5
SALCOMBE,68,10
SALCOMBE,69,16
SALCOMBE,7,8
SALCOMBE,70,10
SALCOMBE,71,6
SALCOMBE,72,11
SALCOMBE,73,9
SALCOMBE,74,3
SALCOMBE,75,2
SALCOMBE,76,7
SALCOMBE,77,2
SALCOMBE,78,3
SALCOMBE,79,1
SALCOMBE,8,7
SALCOMBE,80,2
SALCOMBE,81,3
SALCOMBE,82,2
SALCOMBE,83,3
SALCOMBE,84,2
SALCOMBE,85,5
SALCOMBE,88,1
SALCOMBE,89,2
SALCOMBE,9,9
SALCOMBE,92,1
SALCOMBE,93,1
SALCOMBE,95,2
SEATON,,785
SEATON,0,3
SEATON,1,15
SEATON,10,64
SEATON,104,1
SEATON,106,1
SEATON,11,66
SEATON,116,1
SEATON,12,68
SEATON,13,73
SEATON,14,57
SEATON,15,54
SEATON,16,49
SEATON,17,47
SEATON,18,63
SEATON,19,51
SEATON,2,20
SEATON,20,52
SEATON,21,47
SEATON,22,51
SEATON,23,40
SEATON,24,43
SEATON,25,40
SEATON,26,45
SEATON,27,39
SEATON,28,53
SEATON,29,33
SEATON,3,27
SEATON,30,34
SEATON,31,27
SEATON,32,43
SEATON,33,30
SEATON,34,50
SEATON,35,38
SEATON,36,46
SEATON,37,42
SEATON,38,42
SEATON,39,30
SEATON,4,50
SEATON,40,50
SEATON,41,45
SEATON,42,56
SEATON,43,48
SEATON,44,48
SEATON,45,49
SEATON,46,50
SEATON,47,51
SEATON,48,43
SEATON,49,51
SEATON,5,60
SEATON,50,42
SEATON,51,49
SEATON,52,45
SEATON,53,56
SEATON,54,49
SEATON,55,51
SEATON,56,50
SEATON,57,49
SEATON,58,48
SEATON,59,50
SEATON,6,67
SEATON,60,59
SEATON,61,53
SEATON,62,64
SEATON,63,79
SEATON,64,77
SEATON,65,66
SEATON,66,79
SEATON,67,81
SEATON,68,97
SEATON,69,84
SEATON,7,53
SEATON,70,101
SEATON,71,66
SEATON,72,66
SEATON,73,62
SEATON,74,59
SEATON,75,47
SEATON,76,66
SEATON,77,37
SEATON,78,44
SEATON,79,39
SEATON,8,77
SEATON,80,36
SEATON,81,29
SEATON,82,20
SEATON,83,19
SEATON,84,22
SEATON,85,20
SEATON,86,16
SEATON,87,16
SEATON,88,10
SEATON,89,8
SEATON,9,59
SEATON,90,8
SEATON,91,2
SEATON,92,6
SEATON,93,2
SEATON,94,4
SEATON,95,3
SEATON,96,3
SEATON,99,1
SIDMOUTH,,1192
SIDMOUTH,0,4
SIDMOUTH,1,32
SIDMOUTH,10,107
SIDMOUTH,100,3
SIDMOUTH,102,1
SIDMOUTH,11,116
SIDMOUTH,112,1
SIDMOUTH,116,2
SIDMOUTH,12,92
SIDMOUTH,13,102
SIDMOUTH,14,59
SIDMOUTH,15,65
SIDMOUTH,16,81
SIDMOUTH,17,49
SIDMOUTH,18,64
SIDMOUTH,19,66
SIDMOUTH,2,42
SIDMOUTH,20,69
SIDMOUTH,21,50
SIDMOUTH,22,56
SIDMOUTH,23,53
SIDMOUTH,24,68
SIDMOUTH,25,58
SIDMOUTH,26,76
SIDMOUTH,27,54
SIDMOUTH,28,101
SIDMOUTH,29,58
SIDMOUTH,3,69
SIDMOUTH,30,74
SIDMOUTH,31,45
SIDMOUTH,32,53
SIDMOUTH,33,47
SIDMOUTH,34,65
SIDMOUTH,35,51
SIDMOUTH,36,63
SIDMOUTH,37,60
SIDMOUTH,38,66
SIDMOUTH,39,55
SIDMOUTH,4,67
SIDMOUTH,40,78
SIDMOUTH,41,47
SIDMOUTH,42,57
SIDMOUTH,43,64
SIDMOUTH,44,60
SIDMOUTH,45,70
SIDMOUTH,46,64
SIDMOUTH,47,67
SIDMOUTH,48,66
SIDMOUTH,49,53
SIDMOUTH,5,84
SIDMOUTH,50,65
SIDMOUTH,51,78
SIDMOUTH,52,70
SIDMOUTH,53,70
SIDMOUTH,54,62
SIDMOUTH,55,85
SIDMOUTH,56,67
SIDMOUTH,57,71
SIDMOUTH,58,88
SIDMOUTH,59,78
SIDMOUTH,6,90
SIDMOUTH,60,91
SIDMOUTH,61,83
SIDMOUTH,62,99
SIDMOUTH,63,119
SIDMOUTH,64,113
SIDMOUTH,65,118
SIDMOUTH,66,145
SIDMOUTH,67,130
SIDMOUTH,68,135
SIDMOUTH,69,159
SIDMOUTH,7,83
SIDMOUTH,70,123
SIDMOUTH,71,96
SIDMOUTH,72,124
SIDMOUTH,73,117
SIDMOUTH,74,87
SIDMOUTH,75,89
SIDMOUTH,76,78
SIDMOUTH,77,84
SIDMOUTH,78,87
SIDMOUTH,79,67
SIDMOUTH,8,96
SIDMOUTH,80,68
SIDMOUTH,81,65
SIDMOUTH,82,48
SIDMOUTH,83,54
SIDMOUTH,84,47
SIDMOUTH,85,48
SIDMOUTH,86,41
SIDMOUTH,87,38
SIDMOUTH,88,25
SIDMOUTH,89,28
SIDMOUTH,9,88
SIDMOUTH,90,22
SIDMOUTH,91,18
SIDMOUTH,92,9
SIDMOUTH,93,9
SIDMOUTH,94,15
SIDMOUTH,95,11
SIDMOUTH,96,6
SIDMOUTH,97,4
SIDMOUTH,98,1
SOUTH MOLTON,,201
SOUTH MOLTON,0,3
SOUTH MOLTON,1,21
SOUTH MOLTON,10,106
SOUTH MOLTON,102,1
SOUTH MOLTON,11,101
SOUTH MOLTON,112,1
SOUTH MOLTON,113,1
SOUTH MOLTON,116,2
SOUTH MOLTON,12,102
SOUTH MOLTON,13,84
SOUTH MOLTON,14,57
SOUTH MOLTON,15,66
SOUTH MOLTON,16,42
SOUTH MOLTON,17,77
SOUTH MOLTON,18,51
SOUTH MOLTON,19,45
SOUTH MOLTON,2,40
SOUTH MOLTON,20,48
SOUTH MOLTON,21,42
SOUTH MOLTON,22,55
SOUTH MOLTON,23,53
SOUTH MOLTON,24,58
SOUTH MOLTON,25,42
SOUTH MOLTON,26,42
SOUTH MOLTON,27,67
SOUTH MOLTON,28,152
SOUTH MOLTON,29,38
SOUTH MOLTON,3,54
SOUTH MOLTON,30,44
SOUTH MOLTON,31,60
SOUTH MOLTON,32,45
SOUTH MOLTON,33,44
SOUTH MOLTON,34,47
SOUTH MOLTON,35,56
SOUTH MOLTON,36,71
SOUTH MOLTON,37,52
SOUTH MOLTON,38,31
SOUTH MOLTON,39,42
SOUTH MOLTON,4,82
SOUTH MOLTON,40,53
SOUTH MOLTON,41,47
SOUTH MOLTON,42,50
SOUTH MOLTON,43,41
SOUTH MOLTON,44,59
SOUTH MOLTON,45,51
SOUTH MOLTON,46,48
SOUTH MOLTON,47,61
SOUTH MOLTON,48,50
SOUTH MOLTON,49,39
SOUTH MOLTON,5,85
SOUTH MOLTON,50,58
SOUTH MOLTON,51,52
SOUTH MOLTON,52,41
SOUTH MOLTON,53,50
SOUTH MOLTON,54,51
SOUTH MOLTON,55,33
SOUTH MOLTON,56,41
SOUTH MOLTON,57,37
SOUTH MOLTON,58,38
SOUTH MOLTON,59,37
SOUTH MOLTON,6,77
SOUTH MOLTON,60,40
SOUTH MOLTON,61,48
SOUTH MOLTON,62,37
SOUTH MOLTON,63,39
SOUTH MOLTON,64,41
SOUTH MOLTON,65,42
SOUTH MOLTON,66,47
SOUTH MOLTON,67,48
SOUTH MOLTON,68,55
SOUTH MOLTON,69,55
SOUTH MOLTON,7,96
SOUTH MOLTON,70,54
SOUTH MOLTON,71,48
SOUTH MOLTON,72,47
SOUTH MOLTON,73,41
SOUTH MOLTON,74,29
SOUTH MOLTON,75,21
SOUTH MOLTON,76,35
SOUTH MOLTON,77,29
SOUTH MOLTON,78,25
SOUTH MOLTON,79,28
SOUTH MOLTON,8,91
SOUTH MOLTON,80,16
SOUTH MOLTON,81,22
SOUTH MOLTON,82,10
SOUTH MOLTON,83,13
SOUTH MOLTON,84,17
SOUTH MOLTON,85,14
SOUTH MOLTON,86,15
SOUTH MOLTON,87,9
SOUTH MOLTON,88,9
SOUTH MOLTON,89,5
SOUTH MOLTON,9,85
SOUTH MOLTON,90,12
SOUTH MOLTON,91,5
SOUTH MOLTON,92,6
SOUTH MOLTON,93,2
SOUTH MOLTON,94,3
SOUTH MOLTON,95,2
SOUTH MOLTON,96,1
SOUTH MOLTON,98,2
SOUTH MOLTON,99,1
ST THOMAS,,476
ST THOMAS,0,16
ST THOMAS,1,28
ST THOMAS,10,161
ST THOMAS,100,1
ST THOMAS,11,160
ST THOMAS,112,1
ST THOMAS,115,3
ST THOMAS,116,3
ST THOMAS,12,167
ST THOMAS,13,133
ST THOMAS,14,117
ST THOMAS,15,112
ST THOMAS,16,75
ST THOMAS,17,69
ST THOMAS,18,72
ST THOMAS,19,55
ST THOMAS,2,64
ST THOMAS,20,54
ST THOMAS,21,60
ST THOMAS,22,66
ST THOMAS,23,69
ST THOMAS,24,68
ST THOMAS,25,63
ST THOMAS,26,78
ST THOMAS,27,101
ST THOMAS,28,111
ST THOMAS,29,100
ST THOMAS,3,93
ST THOMAS,30,107
ST THOMAS,31,103
ST THOMAS,32,117
ST THOMAS,33,99
ST THOMAS,34,104
ST THOMAS,35,117
ST THOMAS,36,101
ST THOMAS,37,118
ST THOMAS,38,103
ST THOMAS,39,92
ST THOMAS,4,107
ST THOMAS,40,101
ST THOMAS,41,95
ST THOMAS,42,95
ST THOMAS,43,82
ST THOMAS,44,71
ST THOMAS,45,86
ST THOMAS,46,71
ST THOMAS,47,75
ST THOMAS,48,69
ST THOMAS,49,53
ST THOMAS,5,111
ST THOMAS,50,58
ST THOMAS,51,58
ST THOMAS,52,42
ST THOMAS,53,65
ST THOMAS,54,46
ST THOMAS,55,28
ST THOMAS,56,42
ST THOMAS,57,45
ST THOMAS,58,36
ST THOMAS,59,36
ST THOMAS,6,118
ST THOMAS,60,42
ST THOMAS,61,40
ST THOMAS,62,41
ST THOMAS,63,33
ST THOMAS,64,43
ST THOMAS,65,54
ST THOMAS,66,46
ST THOMAS,67,36
ST THOMAS,68,51
ST THOMAS,69,51
ST THOMAS,7,130
ST THOMAS,70,49
ST THOMAS,71,38
ST THOMAS,72,46
ST THOMAS,73,29
ST THOMAS,74,34
ST THOMAS,75,36
ST THOMAS,76,30
ST THOMAS,77,30
ST THOMAS,78,22
ST THOMAS,79,20
ST THOMAS,8,144
ST THOMAS,80,23
ST THOMAS,81,18
ST THOMAS,82,20
ST THOMAS,83,17
ST THOMAS,84,13
ST THOMAS,85,16
ST THOMAS,86,10
ST THOMAS,87,8
ST THOMAS,88,17
ST THOMAS,89,3
ST THOMAS,9,137
ST THOMAS,90,3
ST THOMAS,91,6
ST THOMAS,92,6
ST THOMAS,93,4
ST THOMAS,94,1
ST THOMAS,95,2
ST THOMAS,96,1
ST THOMAS,97,2
ST THOMAS,99,2
STOKE FLEMING,,35
STOKE FLEMING,10,4
STOKE FLEMING,11,4
STOKE FLEMING,12,4
STOKE FLEMING,13,7
STOKE FLEMING,14,5
STOKE FLEMING,15,1
STOKE FLEMING,16,4
STOKE FLEMING,17,2
STOKE FLEMING,18,2
STOKE FLEMING,19,5
STOKE FLEMING,2,1
STOKE FLEMING,20,5
STOKE FLEMING,21,4
STOKE FLEMING,22,3
STOKE FLEMING,23,3
STOKE FLEMING,24,3
STOKE FLEMING,25,1
STOKE FLEMING,26,2
STOKE FLEMING,27,1
STOKE FLEMING,29,1
STOKE FLEMING,3,1
STOKE FLEMING,30,2
STOKE FLEMING,33,2
STOKE FLEMING,36,2
STOKE FLEMING,37,1
STOKE FLEMING,38,1
STOKE FLEMING,39,1
STOKE FLEMING,4,2
STOKE FLEMING,40,1
STOKE FLEMING,42,1
STOKE FLEMING,43,3
STOKE FLEMING,44,1
STOKE FLEMING,45,4
STOKE FLEMING,46,2
STOKE FLEMING,47,2
STOKE FLEMING,48,6
STOKE FLEMING,49,2
STOKE FLEMING,5,2
STOKE FLEMING,50,1
STOKE FLEMING,51,4
STOKE FLEMING,52,3
STOKE FLEMING,54,3
STOKE FLEMING,55,5
STOKE FLEMING,56,4
STOKE FLEMING,57,2
STOKE FLEMING,58,4
STOKE FLEMING,59,2
STOKE FLEMING,6,2
STOKE FLEMING,60,1
STOKE FLEMING,61,1
STOKE FLEMING,62,1
STOKE FLEMING,63,5
STOKE FLEMING,64,5
STOKE FLEMING,65,4
STOKE FLEMING,66,4
STOKE FLEMING,67,8
STOKE FLEMING,68,6
STOKE FLEMING,69,4
STOKE FLEMING,7,1
STOKE FLEMING,70,6
STOKE FLEMING,71,5
STOKE FLEMING,72,7
STOKE FLEMING,73,3
STOKE FLEMING,74,6
STOKE FLEMING,75,3
STOKE FLEMING,76,5
STOKE FLEMING,77,5
STOKE FLEMING,78,9
STOKE FLEMING,79,6
STOKE FLEMING,8,4
STOKE FLEMING,80,3
STOKE FLEMING,81,3
STOKE FLEMING,82,5
STOKE FLEMING,83,4
STOKE FLEMING,84,8
STOKE FLEMING,85,5
STOKE FLEMING,86,3
STOKE FLEMING,87,1
STOKE FLEMING,88,1
STOKE FLEMING,9,6
SYSTEMS MANAGER,,21
SYSTEMS MANAGER,14,1
SYSTEMS MANAGER,17,1
SYSTEMS MANAGER,28,1
SYSTEMS MANAGER,55,1
SYSTEMS MANAGER,56,1
SYSTEMS MANAGER,57,4
SYSTEMS MANAGER,60,1
SYSTEMS MANAGER,61,1
SYSTEMS MANAGER,86,1
TAVISTOCK,,982
TAVISTOCK,0,27
TAVISTOCK,1,57
TAVISTOCK,10,239
TAVISTOCK,100,3
TAVISTOCK,101,2
TAVISTOCK,105,1
TAVISTOCK,11,205
TAVISTOCK,113,3
TAVISTOCK,114,2
TAVISTOCK,115,2
TAVISTOCK,116,2
TAVISTOCK,12,215
TAVISTOCK,13,214
TAVISTOCK,14,167
TAVISTOCK,15,167
TAVISTOCK,16,128
TAVISTOCK,17,142
TAVISTOCK,18,154
TAVISTOCK,19,149
TAVISTOCK,2,98
TAVISTOCK,20,142
TAVISTOCK,21,134
TAVISTOCK,22,137
TAVISTOCK,23,103
TAVISTOCK,24,107
TAVISTOCK,25,109
TAVISTOCK,26,117
TAVISTOCK,27,108
TAVISTOCK,28,163
TAVISTOCK,29,116
TAVISTOCK,3,121
TAVISTOCK,30,125
TAVISTOCK,31,111
TAVISTOCK,32,112
TAVISTOCK,33,115
TAVISTOCK,34,100
TAVISTOCK,35,123
TAVISTOCK,36,131
TAVISTOCK,37,129
TAVISTOCK,38,132
TAVISTOCK,39,105
TAVISTOCK,4,141
TAVISTOCK,40,119
TAVISTOCK,41,128
TAVISTOCK,42,148
TAVISTOCK,43,138
TAVISTOCK,44,153
TAVISTOCK,45,151
TAVISTOCK,46,152
TAVISTOCK,47,134
TAVISTOCK,48,125
TAVISTOCK,49,132
TAVISTOCK,5,194
TAVISTOCK,50,139
TAVISTOCK,51,145
TAVISTOCK,52,138
TAVISTOCK,53,119
TAVISTOCK,54,121
TAVISTOCK,55,132
TAVISTOCK,56,167
TAVISTOCK,57,110
TAVISTOCK,58,134
TAVISTOCK,59,107
TAVISTOCK,6,212
TAVISTOCK,60,108
TAVISTOCK,61,140
TAVISTOCK,62,145
TAVISTOCK,63,132
TAVISTOCK,64,127
TAVISTOCK,65,140
TAVISTOCK,66,158
TAVISTOCK,67,137
TAVISTOCK,68,153
TAVISTOCK,69,157
TAVISTOCK,7,236
TAVISTOCK,70,161
TAVISTOCK,71,118
TAVISTOCK,72,146
TAVISTOCK,73,93
TAVISTOCK,74,99
TAVISTOCK,75,84
TAVISTOCK,76,118
TAVISTOCK,77,76
TAVISTOCK,78,65
TAVISTOCK,79,51
TAVISTOCK,8,224
TAVISTOCK,80,52
TAVISTOCK,81,58
TAVISTOCK,82,41
TAVISTOCK,83,45
TAVISTOCK,84,38
TAVISTOCK,85,34
TAVISTOCK,86,26
TAVISTOCK,87,30
TAVISTOCK,88,18
TAVISTOCK,89,16
TAVISTOCK,9,257
TAVISTOCK,90,15
TAVISTOCK,91,20
TAVISTOCK,92,9
TAVISTOCK,93,7
TAVISTOCK,94,8
TAVISTOCK,95,5
TAVISTOCK,96,4
TAVISTOCK,97,2
TAVISTOCK,98,5
TAVISTOCK,99,1
TEIGNMOUTH,,642
TEIGNMOUTH,0,6
TEIGNMOUTH,1,34
TEIGNMOUTH,10,143
TEIGNMOUTH,101,1
TEIGNMOUTH,11,123
TEIGNMOUTH,116,3
TEIGNMOUTH,12,103
TEIGNMOUTH,13,98
TEIGNMOUTH,14,105
TEIGNMOUTH,15,73
TEIGNMOUTH,16,53
TEIGNMOUTH,17,70
TEIGNMOUTH,18,67
TEIGNMOUTH,19,62
TEIGNMOUTH,2,47
TEIGNMOUTH,20,76
TEIGNMOUTH,21,64
TEIGNMOUTH,22,80
TEIGNMOUTH,23,72
TEIGNMOUTH,24,84
TEIGNMOUTH,25,63
TEIGNMOUTH,26,88
TEIGNMOUTH,27,67
TEIGNMOUTH,28,159
TEIGNMOUTH,29,71
TEIGNMOUTH,3,86
TEIGNMOUTH,30,85
TEIGNMOUTH,31,85
TEIGNMOUTH,32,86
TEIGNMOUTH,33,81
TEIGNMOUTH,34,80
TEIGNMOUTH,35,70
TEIGNMOUTH,36,96
TEIGNMOUTH,37,82
TEIGNMOUTH,38,75
TEIGNMOUTH,39,76
TEIGNMOUTH,4,95
TEIGNMOUTH,40,84
TEIGNMOUTH,41,81
TEIGNMOUTH,42,86
TEIGNMOUTH,43,85
TEIGNMOUTH,44,88
TEIGNMOUTH,45,104
TEIGNMOUTH,46,97
TEIGNMOUTH,47,80
TEIGNMOUTH,48,82
TEIGNMOUTH,49,69
TEIGNMOUTH,5,107
TEIGNMOUTH,50,63
TEIGNMOUTH,51,69
TEIGNMOUTH,52,75
TEIGNMOUTH,53,65
TEIGNMOUTH,54,65
TEIGNMOUTH,55,54
TEIGNMOUTH,56,67
TEIGNMOUTH,57,69
TEIGNMOUTH,58,71
TEIGNMOUTH,59,79
TEIGNMOUTH,6,120
TEIGNMOUTH,60,59
TEIGNMOUTH,61,75
TEIGNMOUTH,62,82
TEIGNMOUTH,63,91
TEIGNMOUTH,64,103
TEIGNMOUTH,65,86
TEIGNMOUTH,66,86
TEIGNMOUTH,67,100
TEIGNMOUTH,68,86
TEIGNMOUTH,69,108
TEIGNMOUTH,7,129
TEIGNMOUTH,70,97
TEIGNMOUTH,71,75
TEIGNMOUTH,72,63
TEIGNMOUTH,73,73
TEIGNMOUTH,74,50
TEIGNMOUTH,75,46
TEIGNMOUTH,76,43
TEIGNMOUTH,77,32
TEIGNMOUTH,78,29
TEIGNMOUTH,79,39
TEIGNMOUTH,8,133
TEIGNMOUTH,80,26
TEIGNMOUTH,81,25
TEIGNMOUTH,82,31
TEIGNMOUTH,83,17
TEIGNMOUTH,84,26
TEIGNMOUTH,85,15
TEIGNMOUTH,86,7
TEIGNMOUTH,87,8
TEIGNMOUTH,88,16
TEIGNMOUTH,89,8
TEIGNMOUTH,9,128
TEIGNMOUTH,90,9
TEIGNMOUTH,91,7
TEIGNMOUTH,92,5
TEIGNMOUTH,93,5
TEIGNMOUTH,94,2
TEIGNMOUTH,95,3
TEIGNMOUTH,96,3
TEIGNMOUTH,97,3
TEIGNMOUTH,99,1
TIVERTON,,1107
TIVERTON,0,20
TIVERTON,1,66
TIVERTON,10,325
TIVERTON,11,293
TIVERTON,114,1
TIVERTON,115,3
TIVERTON,116,6
TIVERTON,12,241
TIVERTON,13,267
TIVERTON,14,213
TIVERTON,15,206
TIVERTON,16,176
TIVERTON,17,183
TIVERTON,18,171
TIVERTON,19,150
TIVERTON,2,95
TIVERTON,20,167
TIVERTON,21,139
TIVERTON,22,158
TIVERTON,23,156
TIVERTON,24,166
TIVERTON,25,162
TIVERTON,26,155
TIVERTON,27,159
TIVERTON,28,218
TIVERTON,29,179
TIVERTON,3,128
TIVERTON,30,174
TIVERTON,31,190
TIVERTON,32,167
TIVERTON,33,159
TIVERTON,34,154
TIVERTON,35,176
TIVERTON,36,182
TIVERTON,37,143
TIVERTON,38,146
TIVERTON,39,138
TIVERTON,4,189
TIVERTON,40,149
TIVERTON,41,121
TIVERTON,42,144
TIVERTON,43,114
TIVERTON,44,157
TIVERTON,45,158
TIVERTON,46,143
TIVERTON,47,156
TIVERTON,48,141
TIVERTON,49,149
TIVERTON,5,200
TIVERTON,50,151
TIVERTON,51,126
TIVERTON,52,127
TIVERTON,53,137
TIVERTON,54,113
TIVERTON,55,92
TIVERTON,56,106
TIVERTON,57,104
TIVERTON,58,100
TIVERTON,59,102
TIVERTON,6,238
TIVERTON,60,106
TIVERTON,61,118
TIVERTON,62,106
TIVERTON,63,103
TIVERTON,64,117
TIVERTON,65,91
TIVERTON,66,109
TIVERTON,67,120
TIVERTON,68,121
TIVERTON,69,124
TIVERTON,7,262
TIVERTON,70,126
TIVERTON,71,111
TIVERTON,72,93
TIVERTON,73,99
TIVERTON,74,86
TIVERTON,75,66
TIVERTON,76,58
TIVERTON,77,60
TIVERTON,78,64
TIVERTON,79,46
TIVERTON,8,253
TIVERTON,80,43
TIVERTON,81,53
TIVERTON,82,39
TIVERTON,83,23
TIVERTON,84,29
TIVERTON,85,27
TIVERTON,86,36
TIVERTON,87,20
TIVERTON,88,15
TIVERTON,89,16
TIVERTON,9,307
TIVERTON,90,16
TIVERTON,91,13
TIVERTON,92,7
TIVERTON,93,10
TIVERTON,94,9
TIVERTON,95,4
TIVERTON,96,3
TIVERTON,97,1
TIVERTON,98,1
TOPSHAM,,210
TOPSHAM,0,5
TOPSHAM,1,14
TOPSHAM,10,38
TOPSHAM,11,35
TOPSHAM,12,41
TOPSHAM,13,27
TOPSHAM,14,22
TOPSHAM,15,28
TOPSHAM,16,16
TOPSHAM,17,19
TOPSHAM,18,21
TOPSHAM,19,12
TOPSHAM,2,18
TOPSHAM,20,10
TOPSHAM,21,8
TOPSHAM,22,8
TOPSHAM,23,6
TOPSHAM,24,7
TOPSHAM,25,5
TOPSHAM,26,5
TOPSHAM,27,9
TOPSHAM,28,43
TOPSHAM,29,13
TOPSHAM,3,28
TOPSHAM,30,16
TOPSHAM,31,12
TOPSHAM,32,17
TOPSHAM,33,12
TOPSHAM,34,17
TOPSHAM,35,19
TOPSHAM,36,11
TOPSHAM,37,15
TOPSHAM,38,22
TOPSHAM,39,14
TOPSHAM,4,24
TOPSHAM,40,32
TOPSHAM,41,22
TOPSHAM,42,26
TOPSHAM,43,18
TOPSHAM,44,18
TOPSHAM,45,18
TOPSHAM,46,27
TOPSHAM,47,21
TOPSHAM,48,20
TOPSHAM,49,19
TOPSHAM,5,36
TOPSHAM,50,28
TOPSHAM,51,17
TOPSHAM,52,13
TOPSHAM,53,18
TOPSHAM,54,8
TOPSHAM,55,8
TOPSHAM,56,16
TOPSHAM,57,17
TOPSHAM,58,15
TOPSHAM,59,21
TOPSHAM,6,37
TOPSHAM,60,17
TOPSHAM,61,10
TOPSHAM,62,16
TOPSHAM,63,18
TOPSHAM,64,18
TOPSHAM,65,19
TOPSHAM,66,33
TOPSHAM,67,23
TOPSHAM,68,29
TOPSHAM,69,29
TOPSHAM,7,48
TOPSHAM,70,24
TOPSHAM,71,16
TOPSHAM,72,27
TOPSHAM,73,25
TOPSHAM,74,16
TOPSHAM,75,18
TOPSHAM,76,13
TOPSHAM,77,16
TOPSHAM,78,20
TOPSHAM,79,7
TOPSHAM,8,49
TOPSHAM,80,13
TOPSHAM,81,13
TOPSHAM,82,7
TOPSHAM,83,5
TOPSHAM,84,6
TOPSHAM,85,8
TOPSHAM,86,8
TOPSHAM,87,15
TOPSHAM,88,6
TOPSHAM,89,2
TOPSHAM,9,40
TOPSHAM,90,2
TOPSHAM,91,3
TOPSHAM,92,1
TOPSHAM,93,1
TOPSHAM,94,3
TORRINGTON,,368
TORRINGTON,0,8
TORRINGTON,1,22
TORRINGTON,10,72
TORRINGTON,11,93
TORRINGTON,113,1
TORRINGTON,12,78
TORRINGTON,13,67
TORRINGTON,14,53
TORRINGTON,15,48
TORRINGTON,16,45
TORRINGTON,17,35
TORRINGTON,18,35
TORRINGTON,19,38
TORRINGTON,2,28
TORRINGTON,20,36
TORRINGTON,21,39
TORRINGTON,22,29
TORRINGTON,23,28
TORRINGTON,24,24
TORRINGTON,25,31
TORRINGTON,26,36
TORRINGTON,27,24
TORRINGTON,28,97
TORRINGTON,29,22
TORRINGTON,3,54
TORRINGTON,30,25
TORRINGTON,31,34
TORRINGTON,32,36
TORRINGTON,33,25
TORRINGTON,34,26
TORRINGTON,35,36
TORRINGTON,36,46
TORRINGTON,37,42
TORRINGTON,38,24
TORRINGTON,39,25
TORRINGTON,4,70
TORRINGTON,40,29
TORRINGTON,41,39
TORRINGTON,42,23
TORRINGTON,43,31
TORRINGTON,44,31
TORRINGTON,45,31
TORRINGTON,46,39
TORRINGTON,47,35
TORRINGTON,48,34
TORRINGTON,49,40
TORRINGTON,5,69
TORRINGTON,50,40
TORRINGTON,51,27
TORRINGTON,52,32
TORRINGTON,53,29
TORRINGTON,54,15
TORRINGTON,55,33
TORRINGTON,56,25
TORRINGTON,57,25
TORRINGTON,58,32
TORRINGTON,59,45
TORRINGTON,6,75
TORRINGTON,60,38
TORRINGTON,61,30
TORRINGTON,62,34
TORRINGTON,63,35
TORRINGTON,64,44
TORRINGTON,65,44
TORRINGTON,66,45
TORRINGTON,67,43
TORRINGTON,68,30
TORRINGTON,69,51
TORRINGTON,7,84
TORRINGTON,70,36
TORRINGTON,71,36
TORRINGTON,72,30
TORRINGTON,73,18
TORRINGTON,74,20
TORRINGTON,75,20
TORRINGTON,76,18
TORRINGTON,77,17
TORRINGTON,78,17
TORRINGTON,79,14
TORRINGTON,8,80
TORRINGTON,80,16
TORRINGTON,81,18
TORRINGTON,82,7
TORRINGTON,83,11
TORRINGTON,84,5
TORRINGTON,86,10
TORRINGTON,87,11
TORRINGTON,88,3
TORRINGTON,89,2
TORRINGTON,9,88
TORRINGTON,90,1
TORRINGTON,91,2
TORRINGTON,92,1
TORRINGTON,93,5
TORRINGTON,94,1
TORRINGTON,95,1
TORRINGTON,96,1
TORRINGTON,97,1
TOTNES,,737
TOTNES,0,10
TOTNES,1,40
TOTNES,10,148
TOTNES,11,135
TOTNES,112,3
TOTNES,115,2
TOTNES,116,2
TOTNES,12,149
TOTNES,13,140
TOTNES,14,130
TOTNES,15,111
TOTNES,16,102
TOTNES,17,93
TOTNES,18,85
TOTNES,19,84
TOTNES,2,55
TOTNES,20,99
TOTNES,21,84
TOTNES,22,78
TOTNES,23,93
TOTNES,24,97
TOTNES,25,92
TOTNES,26,89
TOTNES,27,100
TOTNES,28,127
TOTNES,29,112
TOTNES,3,89
TOTNES,30,95
TOTNES,31,102
TOTNES,32,91
TOTNES,33,117
TOTNES,34,94
TOTNES,35,120
TOTNES,36,116
TOTNES,37,120
TOTNES,38,125
TOTNES,39,134
TOTNES,4,102
TOTNES,40,147
TOTNES,41,122
TOTNES,42,128
TOTNES,43,152
TOTNES,44,123
TOTNES,45,142
TOTNES,46,147
TOTNES,47,134
TOTNES,48,125
TOTNES,49,146
TOTNES,5,107
TOTNES,50,126
TOTNES,51,120
TOTNES,52,131
TOTNES,53,122
TOTNES,54,124
TOTNES,55,113
TOTNES,56,112
TOTNES,57,116
TOTNES,58,115
TOTNES,59,117
TOTNES,6,131
TOTNES,60,108
TOTNES,61,82
TOTNES,62,129
TOTNES,63,106
TOTNES,64,116
TOTNES,65,131
TOTNES,66,129
TOTNES,67,112
TOTNES,68,105
TOTNES,69,120
TOTNES,7,123
TOTNES,70,105
TOTNES,71,75
TOTNES,72,76
TOTNES,73,86
TOTNES,74,50
TOTNES,75,48
TOTNES,76,48
TOTNES,77,30
TOTNES,78,34
TOTNES,79,27
TOTNES,8,155
TOTNES,80,28
TOTNES,81,24
TOTNES,82,22
TOTNES,83,17
TOTNES,84,19
TOTNES,85,12
TOTNES,86,12
TOTNES,87,13
TOTNES,88,15
TOTNES,89,12
TOTNES,9,152
TOTNES,90,8
TOTNES,91,8
TOTNES,92,5
TOTNES,93,7
TOTNES,95,2
TOTNES,97,1
TOTNES,98,1
UFFCULME,,50
UFFCULME,1,3
UFFCULME,10,7
UFFCULME,11,14
UFFCULME,12,20
UFFCULME,13,11
UFFCULME,14,10
UFFCULME,15,8
UFFCULME,16,8
UFFCULME,17,8
UFFCULME,18,6
UFFCULME,19,4
UFFCULME,2,1
UFFCULME,20,12
UFFCULME,21,2
UFFCULME,22,1
UFFCULME,23,1
UFFCULME,24,3
UFFCULME,25,6
UFFCULME,27,3
UFFCULME,28,5
UFFCULME,29,2
UFFCULME,3,4
UFFCULME,30,1
UFFCULME,33,3
UFFCULME,34,4
UFFCULME,35,3
UFFCULME,36,5
UFFCULME,37,3
UFFCULME,38,3
UFFCULME,39,7
UFFCULME,4,5
UFFCULME,40,4
UFFCULME,41,6
UFFCULME,42,3
UFFCULME,43,5
UFFCULME,44,2
UFFCULME,45,5
UFFCULME,46,4
UFFCULME,47,7
UFFCULME,48,8
UFFCULME,49,4
UFFCULME,5,8
UFFCULME,50,5
UFFCULME,51,2
UFFCULME,52,3
UFFCULME,53,2
UFFCULME,54,3
UFFCULME,55,4
UFFCULME,56,3
UFFCULME,57,3
UFFCULME,58,3
UFFCULME,59,2
UFFCULME,6,12
UFFCULME,60,6
UFFCULME,61,2
UFFCULME,62,4
UFFCULME,63,3
UFFCULME,64,3
UFFCULME,65,1
UFFCULME,66,3
UFFCULME,67,3
UFFCULME,69,6
UFFCULME,7,10
UFFCULME,70,3
UFFCULME,71,2
UFFCULME,72,6
UFFCULME,73,7
UFFCULME,74,5
UFFCULME,76,5
UFFCULME,77,5
UFFCULME,78,1
UFFCULME,79,4
UFFCULME,8,18
UFFCULME,80,1
UFFCULME,81,2
UFFCULME,82,3
UFFCULME,83,2
UFFCULME,84,1
UFFCULME,85,2
UFFCULME,86,2
UFFCULME,88,2
UFFCULME,89,1
UFFCULME,9,16
UFFCULME,90,1
UFFCULME,92,2
UFFCULME,94,1
